,time,case,t,name,area,type,tat,xat,label,yat
6,2022/2/5,8.02E-06,6,shenzhen,7.14E-06,R0=12,6,4,Colonization,0.5
97,2022/2/5,5.87E-06,6,shenzhen,5.90E-06,R0=10,6,4,Colonization,0.5
196,2022/2/5,4.45E-06,6,shenzhen,5.10E-06,R0=8,6,4,Colonization,0.5
319,2022/2/5,3.05E-06,6,shenzhen,4.04E-06,R0=6,6,4,Colonization,0.5
453,2022/2/5,2.60E-06,6,shenzhen,3.73E-06,R0=5,6,4,Colonization,0.5
605,2022/2/5,2.28E-06,6,shenzhen,3.54E-06,R0=4,6,4,Colonization,0.5
786,2022/2/5,2.17E-06,6,shenzhen,3.69E-06,R0=3,6,4,Colonization,0.5
22,2022/2/21,0.0362732,22,shenzhen,0.041826014,R0=12,22,20,Establishment,1.5
26,2022/2/25,0.285148843,26,shenzhen,0.338667403,R0=12,26,26,Spread,2
117,2022/2/25,0.058092816,26,shenzhen,0.081574236,R0=10,26,18,Establishment,1.5
29,2022/2/28,1.160870722,29,shenzhen,1.550890582,R0=12,NA,39,Outbreak,3
121,2022/3/1,0.348318553,30,shenzhen,0.505689085,R0=10,30,30,Spread,2
221,2022/3/2,0.070454575,31,shenzhen,0.126057083,R0=8,31,20,Establishment,1.5
124,2022/3/4,1.175940094,33,shenzhen,1.90129998,R0=10,NA,40,Outbreak,3
226,2022/3/7,0.458007354,36,shenzhen,0.853480846,R0=8,36,36,Spread,2
351,2022/3/9,0.051531196,38,shenzhen,0.126611871,R0=6,38,20,Establishment,1.5
229,2022/3/10,1.258548387,39,shenzhen,2.580286692,R0=8,NA,50,Outbreak,3
358,2022/3/16,0.408242231,45,shenzhen,1.040549942,R0=6,45,45,Spread,2
493,2022/3/17,0.076510086,46,shenzhen,0.23303808,R0=5,46,25,Establishment,1.5
363,2022/3/21,1.500475987,50,shenzhen,4.371167484,R0=6,NA,60,Outbreak,3
501,2022/3/25,0.552653199,54,shenzhen,1.766409214,R0=5,54,54,Spread,2
656,2022/3/28,0.08008094,57,shenzhen,0.321618028,R0=4,57,35,Establishment,1.5
506,2022/3/30,1.608023268,59,shenzhen,5.849520103,R0=5,NA,69,Outbreak,3
666,2022/4/7,0.573150664,67,shenzhen,2.415576619,R0=4,67,67,Spread,2
673,2022/4/14,1.836009005,74,shenzhen,9.046043357,R0=4,NA,84,Outbreak,3
858,2022/4/18,0.080276172,78,shenzhen,0.480356817,R0=3,78,50,Establishment,1.5
872,2022/5/2,0.569206761,92,shenzhen,3.566101129,R0=3,92,92,Spread,2
882,2022/5/12,1.852092595,102,shenzhen,13.53883187,R0=3,NA,102,Outbreak,3
1,2022/1/31,0,1,shenzhen,NA,R0=12,NA,NA,NA,NA
2,2022/2/1,6.03E-07,2,shenzhen,NA,R0=12,NA,NA,NA,NA
3,2022/2/2,1.47E-06,3,shenzhen,3.01E-07,R0=12,NA,NA,NA,NA
4,2022/2/3,2.72E-06,4,shenzhen,1.34E-06,R0=12,NA,NA,NA,NA
5,2022/2/4,4.71E-06,5,shenzhen,3.43E-06,R0=12,NA,NA,NA,NA
7,2022/2/6,1.36E-05,7,shenzhen,1.35E-05,R0=12,NA,NA,NA,NA
8,2022/2/7,2.30E-05,8,shenzhen,2.43E-05,R0=12,NA,NA,NA,NA
9,2022/2/8,3.90E-05,9,shenzhen,4.26E-05,R0=12,NA,NA,NA,NA
10,2022/2/9,6.60E-05,10,shenzhen,7.36E-05,R0=12,NA,NA,NA,NA
11,2022/2/10,0.000111681,11,shenzhen,0.000126121,R0=12,NA,NA,NA,NA
12,2022/2/11,0.000189036,12,shenzhen,0.000214952,R0=12,NA,NA,NA,NA
13,2022/2/12,0.000319966,13,shenzhen,0.00036531,R0=12,NA,NA,NA,NA
14,2022/2/13,0.00054157,14,shenzhen,0.000619811,R0=12,NA,NA,NA,NA
15,2022/2/14,0.000916632,15,shenzhen,0.001050579,R0=12,NA,NA,NA,NA
16,2022/2/15,0.001551377,16,shenzhen,0.00177968,R0=12,NA,NA,NA,NA
17,2022/2/16,0.002625465,17,shenzhen,0.003013684,R0=12,NA,NA,NA,NA
18,2022/2/17,0.004442654,18,shenzhen,0.005102105,R0=12,NA,NA,NA,NA
19,2022/2/18,0.007515995,19,shenzhen,0.008636165,R0=12,NA,NA,NA,NA
20,2022/2/19,0.012710869,20,shenzhen,0.014615489,R0=12,NA,NA,NA,NA
21,2022/2/20,0.021483316,21,shenzhen,0.024728921,R0=12,NA,NA,NA,NA
23,2022/2/22,0.061139591,23,shenzhen,0.070704272,R0=12,NA,NA,NA,NA
24,2022/2/23,0.102755174,24,shenzhen,0.119410667,R0=12,NA,NA,NA,NA
25,2022/2/24,0.171863533,25,shenzhen,0.20135805,R0=12,NA,NA,NA,NA
27,2022/2/26,0.466906234,27,shenzhen,0.567173591,R0=12,NA,NA,NA,NA
28,2022/2/27,0.74847267,28,shenzhen,0.94320113,R0=12,NA,NA,NA,NA
30,2022/3/1,1.714563153,30,shenzhen,2.505562278,R0=12,NA,NA,NA,NA
31,2022/3/2,2.367318206,31,shenzhen,3.943279215,R0=12,NA,NA,NA,NA
32,2022/3/3,3.004066854,32,shenzhen,5.984219894,R0=12,NA,NA,NA,NA
33,2022/3/4,3.46948024,33,shenzhen,8.669912424,R0=12,NA,NA,NA,NA
34,2022/3/5,3.650696527,34,shenzhen,11.90668597,R0=12,NA,NA,NA,NA
35,2022/3/6,3.537856078,35,shenzhen,15.46677435,R0=12,NA,NA,NA,NA
36,2022/3/7,3.207996666,36,shenzhen,19.06105066,R0=12,NA,NA,NA,NA
37,2022/3/8,2.766130917,37,shenzhen,22.43397703,R0=12,NA,NA,NA,NA
38,2022/3/9,2.299583994,38,shenzhen,25.42104082,R0=12,NA,NA,NA,NA
39,2022/3/10,1.863018067,39,shenzhen,27.95389828,R0=12,NA,NA,NA,NA
40,2022/3/11,1.482498085,40,shenzhen,30.03519931,R0=12,NA,NA,NA,NA
41,2022/3/12,1.165231633,41,shenzhen,31.70795738,R0=12,NA,NA,NA,NA
42,2022/3/13,0.908162439,42,shenzhen,33.03182224,R0=12,NA,NA,NA,NA
43,2022/3/14,0.703732159,43,shenzhen,34.06851928,R0=12,NA,NA,NA,NA
44,2022/3/15,0.543167642,44,shenzhen,34.87446658,R0=12,NA,NA,NA,NA
45,2022/3/16,0.418099959,45,shenzhen,35.49791648,R0=12,NA,NA,NA,NA
46,2022/3/17,0.321225278,46,shenzhen,35.97855028,R0=12,NA,NA,NA,NA
47,2022/3/18,0.246478104,47,shenzhen,36.3482129,R0=12,NA,NA,NA,NA
48,2022/3/19,0.188954926,48,shenzhen,36.63206459,R0=12,NA,NA,NA,NA
49,2022/3/20,0.144768779,49,shenzhen,36.8497811,R0=12,NA,NA,NA,NA
50,2022/3/21,0.110871303,50,shenzhen,37.01664295,R0=12,NA,NA,NA,NA
51,2022/3/22,0.084889982,51,shenzhen,37.14446299,R0=12,NA,NA,NA,NA
52,2022/3/23,0.064988699,52,shenzhen,37.24234364,R0=12,NA,NA,NA,NA
53,2022/3/24,0.049751388,53,shenzhen,37.31728298,R0=12,NA,NA,NA,NA
54,2022/3/25,0.038088143,54,shenzhen,37.37465302,R0=12,NA,NA,NA,NA
55,2022/3/26,0.02916207,55,shenzhen,37.41857279,R0=12,NA,NA,NA,NA
56,2022/3/27,0.022331544,56,shenzhen,37.45219789,R0=12,NA,NA,NA,NA
57,2022/3/28,0.017104183,57,shenzhen,37.4779447,R0=12,NA,NA,NA,NA
58,2022/3/29,0.013103693,58,shenzhen,37.49766256,R0=12,NA,NA,NA,NA
59,2022/3/30,0.010041709,59,shenzhen,37.5127665,R0=12,NA,NA,NA,NA
60,2022/3/31,0.007697661,60,shenzhen,37.5243392,R0=12,NA,NA,NA,NA
61,2022/4/1,0.005902843,61,shenzhen,37.53320889,R0=12,NA,NA,NA,NA
62,2022/4/2,0.004528226,62,shenzhen,37.54000914,R0=12,NA,NA,NA,NA
63,2022/4/3,0.003475127,63,shenzhen,37.54522467,R0=12,NA,NA,NA,NA
64,2022/4/4,0.002668112,64,shenzhen,37.54922635,R0=12,NA,NA,NA,NA
65,2022/4/5,0.002049438,65,shenzhen,37.55229797,R0=12,NA,NA,NA,NA
66,2022/4/6,0.001574988,66,shenzhen,37.55465674,R0=12,NA,NA,NA,NA
67,2022/4/7,0.00121099,67,shenzhen,37.55646896,R0=12,NA,NA,NA,NA
68,2022/4/8,0.000931612,68,shenzhen,37.55786195,R0=12,NA,NA,NA,NA
69,2022/4/9,0.000717084,69,shenzhen,37.55893325,R0=12,NA,NA,NA,NA
70,2022/4/10,0.000552274,70,shenzhen,37.5597576,R0=12,NA,NA,NA,NA
71,2022/4/11,0.000425596,71,shenzhen,37.56039228,R0=12,NA,NA,NA,NA
72,2022/4/12,0.000328176,72,shenzhen,37.56088121,R0=12,NA,NA,NA,NA
73,2022/4/13,0.000253217,73,shenzhen,37.5612581,R0=12,NA,NA,NA,NA
74,2022/4/14,0.000195506,74,shenzhen,37.56154879,R0=12,NA,NA,NA,NA
75,2022/4/15,0.000151049,75,shenzhen,37.56177316,R0=12,NA,NA,NA,NA
76,2022/4/16,0.000116781,76,shenzhen,37.56194643,R0=12,NA,NA,NA,NA
77,2022/4/17,9.04E-05,77,shenzhen,37.56208035,R0=12,NA,NA,NA,NA
78,2022/4/18,7.00E-05,78,shenzhen,37.56218391,R0=12,NA,NA,NA,NA
79,2022/4/19,5.42E-05,79,shenzhen,37.56226406,R0=12,NA,NA,NA,NA
80,2022/4/20,4.20E-05,80,shenzhen,37.56232614,R0=12,NA,NA,NA,NA
81,2022/4/21,3.26E-05,81,shenzhen,37.56237425,R0=12,NA,NA,NA,NA
82,2022/4/22,2.53E-05,82,shenzhen,37.56241157,R0=12,NA,NA,NA,NA
83,2022/4/23,1.97E-05,83,shenzhen,37.56244053,R0=12,NA,NA,NA,NA
84,2022/4/24,1.53E-05,84,shenzhen,37.56246303,R0=12,NA,NA,NA,NA
85,2022/4/25,1.19E-05,85,shenzhen,37.56248052,R0=12,NA,NA,NA,NA
86,2022/4/26,9.28E-06,86,shenzhen,37.56249413,R0=12,NA,NA,NA,NA
87,2022/4/27,7.23E-06,87,shenzhen,37.56250472,R0=12,NA,NA,NA,NA
88,2022/4/28,5.64E-06,88,shenzhen,37.56251298,R0=12,NA,NA,NA,NA
89,2022/4/29,4.41E-06,89,shenzhen,37.56251942,R0=12,NA,NA,NA,NA
90,2022/4/30,3.44E-06,90,shenzhen,37.56252444,R0=12,NA,NA,NA,NA
91,2022/5/1,2.69E-06,91,shenzhen,37.56252836,R0=12,NA,NA,NA,NA
92,2022/1/31,0,1,shenzhen,NA,R0=10,NA,NA,NA,NA
93,2022/2/1,5.41E-07,2,shenzhen,NA,R0=10,NA,NA,NA,NA
94,2022/2/2,1.27E-06,3,shenzhen,2.70E-07,R0=10,NA,NA,NA,NA
95,2022/2/3,2.25E-06,4,shenzhen,1.18E-06,R0=10,NA,NA,NA,NA
96,2022/2/4,3.68E-06,5,shenzhen,2.94E-06,R0=10,NA,NA,NA,NA
98,2022/2/6,9.33E-06,7,shenzhen,1.07E-05,R0=10,NA,NA,NA,NA
99,2022/2/7,1.48E-05,8,shenzhen,1.83E-05,R0=10,NA,NA,NA,NA
100,2022/2/8,2.34E-05,9,shenzhen,3.03E-05,R0=10,NA,NA,NA,NA
101,2022/2/9,3.71E-05,10,shenzhen,4.95E-05,R0=10,NA,NA,NA,NA
102,2022/2/10,5.89E-05,11,shenzhen,7.98E-05,R0=10,NA,NA,NA,NA
103,2022/2/11,9.33E-05,12,shenzhen,0.000127753,R0=10,NA,NA,NA,NA
104,2022/2/12,0.000147775,13,shenzhen,0.000203813,R0=10,NA,NA,NA,NA
105,2022/2/13,0.000234151,14,shenzhen,0.000324332,R0=10,NA,NA,NA,NA
106,2022/2/14,0.00037101,15,shenzhen,0.000515295,R0=10,NA,NA,NA,NA
107,2022/2/15,0.000587855,16,shenzhen,0.000817875,R0=10,NA,NA,NA,NA
108,2022/2/16,0.000931418,17,shenzhen,0.001297308,R0=10,NA,NA,NA,NA
109,2022/2/17,0.001475727,18,shenzhen,0.002056944,R0=10,NA,NA,NA,NA
110,2022/2/18,0.00233799,19,shenzhen,0.003260517,R0=10,NA,NA,NA,NA
111,2022/2/19,0.003703782,20,shenzhen,0.005167375,R0=10,NA,NA,NA,NA
112,2022/2/20,0.005866652,21,shenzhen,0.008188261,R0=10,NA,NA,NA,NA
113,2022/2/21,0.009290625,22,shenzhen,0.012973478,R0=10,NA,NA,NA,NA
114,2022/2/22,0.014708061,23,shenzhen,0.020552117,R0=10,NA,NA,NA,NA
115,2022/2/23,0.023272272,24,shenzhen,0.03255146,R0=10,NA,NA,NA,NA
116,2022/2/24,0.036792949,25,shenzhen,0.051541626,R0=10,NA,NA,NA,NA
118,2022/2/26,0.091534951,27,shenzhen,0.129017119,R0=10,NA,NA,NA,NA
119,2022/2/27,0.143763378,28,shenzhen,0.203831002,R0=10,NA,NA,NA,NA
120,2022/2/28,0.224654459,29,shenzhen,0.321480167,R0=10,NA,NA,NA,NA
122,2022/3/2,0.533595123,31,shenzhen,0.792175591,R0=10,NA,NA,NA,NA
123,2022/3/3,0.802739979,32,shenzhen,1.233132428,R0=10,NA,NA,NA,NA
125,2022/3/5,1.659149412,34,shenzhen,2.890640017,R0=10,NA,NA,NA,NA
126,2022/3/6,2.226171045,35,shenzhen,4.30818477,R0=10,NA,NA,NA,NA
127,2022/3/7,2.805373426,36,shenzhen,6.250844998,R0=10,NA,NA,NA,NA
128,2022/3/8,3.289804783,37,shenzhen,8.766617233,R0=10,NA,NA,NA,NA
129,2022/3/9,3.578243403,38,shenzhen,11.81420634,R0=10,NA,NA,NA,NA
130,2022/3/10,3.622250815,39,shenzhen,15.24823043,R0=10,NA,NA,NA,NA
131,2022/3/11,3.442396462,40,shenzhen,18.84847754,R0=10,NA,NA,NA,NA
132,2022/3/12,3.105542692,41,shenzhen,22.38080118,R0=10,NA,NA,NA,NA
133,2022/3/13,2.689419608,42,shenzhen,25.65477075,R0=10,NA,NA,NA,NA
134,2022/3/14,2.257755167,43,shenzhen,28.5522519,R0=10,NA,NA,NA,NA
135,2022/3/15,1.851984436,44,shenzhen,31.02583929,R0=10,NA,NA,NA,NA
136,2022/3/16,1.493518758,45,shenzhen,33.08070909,R0=10,NA,NA,NA,NA
137,2022/3/17,1.189599417,46,shenzhen,34.75346069,R0=10,NA,NA,NA,NA
138,2022/3/18,0.939048683,47,shenzhen,36.09501978,R0=10,NA,NA,NA,NA
139,2022/3/19,0.736462997,48,shenzhen,37.15934383,R0=10,NA,NA,NA,NA
140,2022/3/20,0.574873936,49,shenzhen,37.99709967,R0=10,NA,NA,NA,NA
141,2022/3/21,0.447224454,50,shenzhen,38.65276813,R0=10,NA,NA,NA,NA
142,2022/3/22,0.347075524,51,shenzhen,39.16381733,R0=10,NA,NA,NA,NA
143,2022/3/23,0.268888322,52,shenzhen,39.56096732,R0=10,NA,NA,NA,NA
144,2022/3/24,0.208066206,53,shenzhen,39.86894924,R0=10,NA,NA,NA,NA
145,2022/3/25,0.160873329,54,shenzhen,40.10742651,R0=10,NA,NA,NA,NA
146,2022/3/26,0.124323389,55,shenzhen,40.29189627,R0=10,NA,NA,NA,NA
147,2022/3/27,0.096053932,56,shenzhen,40.43449463,R0=10,NA,NA,NA,NA
148,2022/3/28,0.074208578,57,shenzhen,40.54468329,R0=10,NA,NA,NA,NA
149,2022/3/29,0.057337437,58,shenzhen,40.62981455,R0=10,NA,NA,NA,NA
150,2022/3/30,0.044312922,59,shenzhen,40.69558755,R0=10,NA,NA,NA,NA
151,2022/3/31,0.034258849,60,shenzhen,40.74641273,R0=10,NA,NA,NA,NA
152,2022/4/1,0.026498199,61,shenzhen,40.78569862,R0=10,NA,NA,NA,NA
153,2022/4/2,0.020506428,62,shenzhen,40.81607714,R0=10,NA,NA,NA,NA
154,2022/4/3,0.015879306,63,shenzhen,40.83957946,R0=10,NA,NA,NA,NA
155,2022/4/4,0.012304608,64,shenzhen,40.85777233,R0=10,NA,NA,NA,NA
156,2022/4/5,0.009541656,65,shenzhen,40.87186428,R0=10,NA,NA,NA,NA
157,2022/4/6,0.007404953,66,shenzhen,40.88278741,R0=10,NA,NA,NA,NA
158,2022/4/7,0.005751515,67,shenzhen,40.89126072,R0=10,NA,NA,NA,NA
159,2022/4/8,0.004471172,68,shenzhen,40.89783895,R0=10,NA,NA,NA,NA
160,2022/4/9,0.003479011,69,shenzhen,40.9029503,R0=10,NA,NA,NA,NA
161,2022/4/10,0.002709546,70,shenzhen,40.90692539,R0=10,NA,NA,NA,NA
162,2022/4/11,0.002112281,71,shenzhen,40.91001967,R0=10,NA,NA,NA,NA
163,2022/4/12,0.001648291,72,shenzhen,40.91243058,R0=10,NA,NA,NA,NA
164,2022/4/13,0.001287502,73,shenzhen,40.91431086,R0=10,NA,NA,NA,NA
165,2022/4/14,0.001006699,74,shenzhen,40.91577876,R0=10,NA,NA,NA,NA
166,2022/4/15,0.000787938,75,shenzhen,40.91692586,R0=10,NA,NA,NA,NA
167,2022/4/16,0.000617342,76,shenzhen,40.91782318,R0=10,NA,NA,NA,NA
168,2022/4/17,0.000484175,77,shenzhen,40.91852582,R0=10,NA,NA,NA,NA
169,2022/4/18,0.00038012,78,shenzhen,40.91907658,R0=10,NA,NA,NA,NA
170,2022/4/19,0.000298728,79,shenzhen,40.91950873,R0=10,NA,NA,NA,NA
171,2022/4/20,0.000235,80,shenzhen,40.91984815,R0=10,NA,NA,NA,NA
172,2022/4/21,0.000185049,81,shenzhen,40.92011501,R0=10,NA,NA,NA,NA
173,2022/4/22,0.000145858,82,shenzhen,40.92032504,R0=10,NA,NA,NA,NA
174,2022/4/23,0.000115078,83,shenzhen,40.92049049,R0=10,NA,NA,NA,NA
175,2022/4/24,9.09E-05,84,shenzhen,40.92062096,R0=10,NA,NA,NA,NA
176,2022/4/25,7.18E-05,85,shenzhen,40.92072394,R0=10,NA,NA,NA,NA
177,2022/4/26,5.68E-05,86,shenzhen,40.9208053,R0=10,NA,NA,NA,NA
178,2022/4/27,4.50E-05,87,shenzhen,40.92086963,R0=10,NA,NA,NA,NA
179,2022/4/28,3.57E-05,88,shenzhen,40.92092055,R0=10,NA,NA,NA,NA
180,2022/4/29,2.83E-05,89,shenzhen,40.92096088,R0=10,NA,NA,NA,NA
181,2022/4/30,2.25E-05,90,shenzhen,40.92099286,R0=10,NA,NA,NA,NA
182,2022/5/1,1.78E-05,91,shenzhen,40.92101823,R0=10,NA,NA,NA,NA
183,2022/5/2,1.42E-05,92,shenzhen,40.92103838,R0=10,NA,NA,NA,NA
184,2022/5/3,1.13E-05,93,shenzhen,40.92105439,R0=10,NA,NA,NA,NA
185,2022/5/4,8.98E-06,94,shenzhen,40.92106713,R0=10,NA,NA,NA,NA
186,2022/5/5,7.16E-06,95,shenzhen,40.92107726,R0=10,NA,NA,NA,NA
187,2022/5/6,5.71E-06,96,shenzhen,40.92108533,R0=10,NA,NA,NA,NA
188,2022/5/7,4.55E-06,97,shenzhen,40.92109177,R0=10,NA,NA,NA,NA
189,2022/5/8,3.63E-06,98,shenzhen,40.92109689,R0=10,NA,NA,NA,NA
190,2022/5/9,2.90E-06,99,shenzhen,40.92110099,R0=10,NA,NA,NA,NA
191,2022/1/31,0,1,shenzhen,NA,R0=8,NA,NA,NA,NA
192,2022/2/1,5.08E-07,2,shenzhen,NA,R0=8,NA,NA,NA,NA
193,2022/2/2,1.16E-06,3,shenzhen,2.54E-07,R0=8,NA,NA,NA,NA
194,2022/2/3,1.94E-06,4,shenzhen,1.09E-06,R0=8,NA,NA,NA,NA
195,2022/2/4,2.98E-06,5,shenzhen,2.64E-06,R0=8,NA,NA,NA,NA
197,2022/2/6,6.58E-06,7,shenzhen,8.82E-06,R0=8,NA,NA,NA,NA
198,2022/2/7,9.70E-06,8,shenzhen,1.43E-05,R0=8,NA,NA,NA,NA
199,2022/2/8,1.43E-05,9,shenzhen,2.25E-05,R0=8,NA,NA,NA,NA
200,2022/2/9,2.10E-05,10,shenzhen,3.45E-05,R0=8,NA,NA,NA,NA
201,2022/2/10,3.10E-05,11,shenzhen,5.21E-05,R0=8,NA,NA,NA,NA
202,2022/2/11,4.56E-05,12,shenzhen,7.82E-05,R0=8,NA,NA,NA,NA
203,2022/2/12,6.72E-05,13,shenzhen,0.000116476,R0=8,NA,NA,NA,NA
204,2022/2/13,9.90E-05,14,shenzhen,0.000172895,R0=8,NA,NA,NA,NA
205,2022/2/14,0.000145719,15,shenzhen,0.000255974,R0=8,NA,NA,NA,NA
206,2022/2/15,0.000214577,16,shenzhen,0.000378313,R0=8,NA,NA,NA,NA
207,2022/2/16,0.000315969,17,shenzhen,0.000558461,R0=8,NA,NA,NA,NA
208,2022/2/17,0.000465271,18,shenzhen,0.000823734,R0=8,NA,NA,NA,NA
209,2022/2/18,0.000685112,19,shenzhen,0.001214354,R0=8,NA,NA,NA,NA
210,2022/2/19,0.001008814,20,shenzhen,0.001789545,R0=8,NA,NA,NA,NA
211,2022/2/20,0.00148542,21,shenzhen,0.002636508,R0=8,NA,NA,NA,NA
212,2022/2/21,0.002187122,22,shenzhen,0.003883625,R0=8,NA,NA,NA,NA
213,2022/2/22,0.00322014,23,shenzhen,0.005719896,R0=8,NA,NA,NA,NA
214,2022/2/23,0.004740704,24,shenzhen,0.008423527,R0=8,NA,NA,NA,NA
215,2022/2/24,0.006978512,25,shenzhen,0.012403949,R0=8,NA,NA,NA,NA
216,2022/2/25,0.010271012,26,shenzhen,0.018263557,R0=8,NA,NA,NA,NA
217,2022/2/26,0.015113288,27,shenzhen,0.026888319,R0=8,NA,NA,NA,NA
218,2022/2/27,0.022230633,28,shenzhen,0.039580469,R0=8,NA,NA,NA,NA
219,2022/2/28,0.032682879,29,shenzhen,0.05825243,R0=8,NA,NA,NA,NA
220,2022/3/1,0.048012914,30,shenzhen,0.085709186,R0=8,NA,NA,NA,NA
222,2022/3/3,0.103216867,32,shenzhen,0.185290827,R0=8,NA,NA,NA,NA
223,2022/3/4,0.150852708,33,shenzhen,0.272126548,R0=8,NA,NA,NA,NA
224,2022/3/5,0.219706251,34,shenzhen,0.399161336,R0=8,NA,NA,NA,NA
225,2022/3/6,0.31837381,35,shenzhen,0.584440816,R0=8,NA,NA,NA,NA
227,2022/3/8,0.652097092,37,shenzhen,1.241671429,R0=8,NA,NA,NA,NA
228,2022/3/9,0.915028988,38,shenzhen,1.796723652,R0=8,NA,NA,NA,NA
230,2022/3/11,1.685318123,40,shenzhen,3.66707538,R0=8,NA,NA,NA,NA
231,2022/3/12,2.180216411,41,shenzhen,5.139008635,R0=8,NA,NA,NA,NA
232,2022/3/13,2.703048072,42,shenzhen,7.071775902,R0=8,NA,NA,NA,NA
233,2022/3/14,3.18934699,43,shenzhen,9.513408144,R0=8,NA,NA,NA,NA
234,2022/3/15,3.564809284,44,shenzhen,12.45960567,R0=8,NA,NA,NA,NA
235,2022/3/16,3.769644763,45,shenzhen,15.83668381,R0=8,NA,NA,NA,NA
236,2022/3/17,3.779862935,46,shenzhen,19.50391084,R0=8,NA,NA,NA,NA
237,2022/3/18,3.612012797,47,shenzhen,23.27866468,R0=8,NA,NA,NA,NA
238,2022/3/19,3.311381954,48,shenzhen,26.97460255,R0=8,NA,NA,NA,NA
239,2022/3/20,2.933059683,49,shenzhen,30.43629993,R0=8,NA,NA,NA,NA
240,2022/3/21,2.526801262,50,shenzhen,33.55852074,R0=8,NA,NA,NA,NA
241,2022/3/22,2.129530945,51,shenzhen,36.28845122,R0=8,NA,NA,NA,NA
242,2022/3/23,1.764253503,52,shenzhen,38.61661732,R0=8,NA,NA,NA,NA
243,2022/3/24,1.442433836,53,shenzhen,40.56350954,R0=8,NA,NA,NA,NA
244,2022/3/25,1.167428948,54,shenzhen,42.16685321,R0=8,NA,NA,NA,NA
245,2022/3/26,0.937589491,55,shenzhen,43.47178461,R0=8,NA,NA,NA,NA
246,2022/3/27,0.748619946,56,shenzhen,44.52429383,R0=8,NA,NA,NA,NA
247,2022/3/28,0.595122452,57,shenzhen,45.36739854,R0=8,NA,NA,NA,NA
248,2022/3/29,0.471568646,58,shenzhen,46.03926974,R0=8,NA,NA,NA,NA
249,2022/3/30,0.372788354,59,shenzhen,46.57261529,R0=8,NA,NA,NA,NA
250,2022/3/31,0.294213942,60,shenzhen,46.99479379,R0=8,NA,NA,NA,NA
251,2022/4/1,0.231949176,61,shenzhen,47.32829494,R0=8,NA,NA,NA,NA
252,2022/4/2,0.182745901,62,shenzhen,47.5913765,R0=8,NA,NA,NA,NA
253,2022/4/3,0.143941559,63,shenzhen,47.79872404,R0=8,NA,NA,NA,NA
254,2022/4/4,0.113380894,64,shenzhen,47.96206777,R0=8,NA,NA,NA,NA
255,2022/4/5,0.089333759,65,shenzhen,48.09072899,R0=8,NA,NA,NA,NA
256,2022/4/6,0.070421255,66,shenzhen,48.19208632,R0=8,NA,NA,NA,NA
257,2022/4/7,0.055549371,67,shenzhen,48.27196383,R0=8,NA,NA,NA,NA
258,2022/4/8,0.043853174,68,shenzhen,48.33494914,R0=8,NA,NA,NA,NA
259,2022/4/9,0.034651543,69,shenzhen,48.38465041,R0=8,NA,NA,NA,NA
260,2022/4/10,0.027408164,70,shenzhen,48.42390277,R0=8,NA,NA,NA,NA
261,2022/4/11,0.021702454,71,shenzhen,48.45493262,R0=8,NA,NA,NA,NA
262,2022/4/12,0.017204098,72,shenzhen,48.47948793,R0=8,NA,NA,NA,NA
263,2022/4/13,0.013654227,73,shenzhen,48.49894121,R0=8,NA,NA,NA,NA
264,2022/4/14,0.010849922,74,shenzhen,48.51437037,R0=8,NA,NA,NA,NA
265,2022/4/15,0.008632079,75,shenzhen,48.52662245,R0=8,NA,NA,NA,NA
266,2022/4/16,0.006875997,76,shenzhen,48.53636345,R0=8,NA,NA,NA,NA
267,2022/4/17,0.005483854,77,shenzhen,48.54411748,R0=8,NA,NA,NA,NA
268,2022/4/18,0.004378792,78,shenzhen,48.55029741,R0=8,NA,NA,NA,NA
269,2022/4/19,0.003500557,79,shenzhen,48.55522873,R0=8,NA,NA,NA,NA
270,2022/4/20,0.002801695,80,shenzhen,48.55916841,R0=8,NA,NA,NA,NA
271,2022/4/21,0.002244855,81,shenzhen,48.56231953,R0=8,NA,NA,NA,NA
272,2022/4/22,0.001800628,82,shenzhen,48.56484281,R0=8,NA,NA,NA,NA
273,2022/4/23,0.001445807,83,shenzhen,48.56686555,R0=8,NA,NA,NA,NA
274,2022/4/24,0.001162062,84,shenzhen,48.56848877,R0=8,NA,NA,NA,NA
275,2022/4/25,0.000934891,85,shenzhen,48.5697927,R0=8,NA,NA,NA,NA
276,2022/4/26,0.000752807,86,shenzhen,48.57084118,R0=8,NA,NA,NA,NA
277,2022/4/27,0.000606707,87,shenzhen,48.57168503,R0=8,NA,NA,NA,NA
278,2022/4/28,0.000489359,88,shenzhen,48.57236478,R0=8,NA,NA,NA,NA
279,2022/4/29,0.000395007,89,shenzhen,48.57291282,R0=8,NA,NA,NA,NA
280,2022/4/30,0.000319079,90,shenzhen,48.573355,R0=8,NA,NA,NA,NA
281,2022/5/1,0.00025792,91,shenzhen,48.57371204,R0=8,NA,NA,NA,NA
282,2022/5/2,0.000208615,92,shenzhen,48.57400054,R0=8,NA,NA,NA,NA
283,2022/5/3,0.000168835,93,shenzhen,48.57423381,R0=8,NA,NA,NA,NA
284,2022/5/4,0.000136716,94,shenzhen,48.57442253,R0=8,NA,NA,NA,NA
285,2022/5/5,0.000110765,95,shenzhen,48.57457531,R0=8,NA,NA,NA,NA
286,2022/5/6,8.98E-05,96,shenzhen,48.57469905,R0=8,NA,NA,NA,NA
287,2022/5/7,7.28E-05,97,shenzhen,48.57479932,R0=8,NA,NA,NA,NA
288,2022/5/8,5.91E-05,98,shenzhen,48.57488062,R0=8,NA,NA,NA,NA
289,2022/5/9,4.79E-05,99,shenzhen,48.57494656,R0=8,NA,NA,NA,NA
290,2022/5/10,3.89E-05,100,shenzhen,48.57500006,R0=8,NA,NA,NA,NA
291,2022/5/11,3.16E-05,101,shenzhen,48.57504349,R0=8,NA,NA,NA,NA
292,2022/5/12,2.57E-05,102,shenzhen,48.57507875,R0=8,NA,NA,NA,NA
293,2022/5/13,2.09E-05,103,shenzhen,48.57510739,R0=8,NA,NA,NA,NA
294,2022/5/14,1.70E-05,104,shenzhen,48.57513066,R0=8,NA,NA,NA,NA
295,2022/5/15,1.38E-05,105,shenzhen,48.57514958,R0=8,NA,NA,NA,NA
296,2022/5/16,1.12E-05,106,shenzhen,48.57516495,R0=8,NA,NA,NA,NA
297,2022/5/17,9.12E-06,107,shenzhen,48.57517745,R0=8,NA,NA,NA,NA
298,2022/5/18,7.42E-06,108,shenzhen,48.57518762,R0=8,NA,NA,NA,NA
299,2022/5/19,6.04E-06,109,shenzhen,48.57519589,R0=8,NA,NA,NA,NA
300,2022/5/20,4.91E-06,110,shenzhen,48.57520261,R0=8,NA,NA,NA,NA
301,2022/5/21,4.00E-06,111,shenzhen,48.57520809,R0=8,NA,NA,NA,NA
302,2022/5/22,3.25E-06,112,shenzhen,48.57521254,R0=8,NA,NA,NA,NA
303,2022/5/23,2.65E-06,113,shenzhen,48.57521617,R0=8,NA,NA,NA,NA
304,2022/5/24,2.16E-06,114,shenzhen,48.57521912,R0=8,NA,NA,NA,NA
305,2022/5/25,1.76E-06,115,shenzhen,48.57522153,R0=8,NA,NA,NA,NA
306,2022/5/26,1.43E-06,116,shenzhen,48.57522348,R0=8,NA,NA,NA,NA
307,2022/5/27,1.17E-06,117,shenzhen,48.57522508,R0=8,NA,NA,NA,NA
308,2022/5/28,9.49E-07,118,shenzhen,48.57522638,R0=8,NA,NA,NA,NA
309,2022/5/29,7.73E-07,119,shenzhen,48.57522743,R0=8,NA,NA,NA,NA
310,2022/5/30,6.30E-07,120,shenzhen,48.57522829,R0=8,NA,NA,NA,NA
311,2022/5/31,5.13E-07,121,shenzhen,48.575229,R0=8,NA,NA,NA,NA
312,2022/6/1,4.18E-07,122,shenzhen,48.57522957,R0=8,NA,NA,NA,NA
313,2022/6/2,3.41E-07,123,shenzhen,48.57523003,R0=8,NA,NA,NA,NA
314,2022/1/31,0,1,shenzhen,NA,R0=6,NA,NA,NA,NA
315,2022/2/1,4.37E-07,2,shenzhen,NA,R0=6,NA,NA,NA,NA
316,2022/2/2,9.65E-07,3,shenzhen,2.19E-07,R0=6,NA,NA,NA,NA
317,2022/2/3,1.54E-06,4,shenzhen,9.20E-07,R0=6,NA,NA,NA,NA
318,2022/2/4,2.21E-06,5,shenzhen,2.17E-06,R0=6,NA,NA,NA,NA
320,2022/2/6,4.17E-06,7,shenzhen,6.67E-06,R0=6,NA,NA,NA,NA
321,2022/2/7,5.66E-06,8,shenzhen,1.03E-05,R0=6,NA,NA,NA,NA
322,2022/2/8,7.68E-06,9,shenzhen,1.52E-05,R0=6,NA,NA,NA,NA
323,2022/2/9,1.04E-05,10,shenzhen,2.19E-05,R0=6,NA,NA,NA,NA
324,2022/2/10,1.41E-05,11,shenzhen,3.09E-05,R0=6,NA,NA,NA,NA
325,2022/2/11,1.91E-05,12,shenzhen,4.32E-05,R0=6,NA,NA,NA,NA
326,2022/2/12,2.59E-05,13,shenzhen,5.98E-05,R0=6,NA,NA,NA,NA
327,2022/2/13,3.51E-05,14,shenzhen,8.23E-05,R0=6,NA,NA,NA,NA
328,2022/2/14,4.76E-05,15,shenzhen,0.000112836,R0=6,NA,NA,NA,NA
329,2022/2/15,6.46E-05,16,shenzhen,0.000154217,R0=6,NA,NA,NA,NA
330,2022/2/16,8.75E-05,17,shenzhen,0.000210307,R0=6,NA,NA,NA,NA
331,2022/2/17,0.000118595,18,shenzhen,0.000286332,R0=6,NA,NA,NA,NA
332,2022/2/18,0.000160747,19,shenzhen,0.000389378,R0=6,NA,NA,NA,NA
333,2022/2/19,0.000217878,20,shenzhen,0.000529049,R0=6,NA,NA,NA,NA
334,2022/2/20,0.000295315,21,shenzhen,0.000718361,R0=6,NA,NA,NA,NA
335,2022/2/21,0.000400272,22,shenzhen,0.000974958,R0=6,NA,NA,NA,NA
336,2022/2/22,0.000542529,23,shenzhen,0.001322752,R0=6,NA,NA,NA,NA
337,2022/2/23,0.000735338,24,shenzhen,0.001794152,R0=6,NA,NA,NA,NA
338,2022/2/24,0.00099666,25,shenzhen,0.002433085,R0=6,NA,NA,NA,NA
339,2022/2/25,0.001350827,26,shenzhen,0.003299084,R0=6,NA,NA,NA,NA
340,2022/2/26,0.001830813,27,shenzhen,0.004472827,R0=6,NA,NA,NA,NA
341,2022/2/27,0.002481282,28,shenzhen,0.006063647,R0=6,NA,NA,NA,NA
342,2022/2/28,0.003362754,29,shenzhen,0.008219695,R0=6,NA,NA,NA,NA
343,2022/3/1,0.004557084,30,shenzhen,0.011141713,R0=6,NA,NA,NA,NA
344,2022/3/2,0.006175241,31,shenzhen,0.015101632,R0=6,NA,NA,NA,NA
345,2022/3/3,0.008367211,32,shenzhen,0.020467794,R0=6,NA,NA,NA,NA
346,2022/3/4,0.011335876,33,shenzhen,0.02773902,R0=6,NA,NA,NA,NA
347,2022/3/5,0.015355208,34,shenzhen,0.037590564,R0=6,NA,NA,NA,NA
348,2022/3/6,0.020795008,35,shenzhen,0.050936106,R0=6,NA,NA,NA,NA
349,2022/3/7,0.028153322,36,shenzhen,0.069011214,R0=6,NA,NA,NA,NA
350,2022/3/8,0.038099662,37,shenzhen,0.093485379,R0=6,NA,NA,NA,NA
352,2022/3/10,0.069645154,39,shenzhen,0.1714273,R0=6,NA,NA,NA,NA
353,2022/3/11,0.094030409,40,shenzhen,0.232015475,R0=6,NA,NA,NA,NA
354,2022/3/12,0.126779972,41,shenzhen,0.313853257,R0=6,NA,NA,NA,NA
355,2022/3/13,0.170619371,42,shenzhen,0.424258447,R0=6,NA,NA,NA,NA
356,2022/3/14,0.229048573,43,shenzhen,0.572958119,R0=6,NA,NA,NA,NA
357,2022/3/15,0.306467128,44,shenzhen,0.772792091,R0=6,NA,NA,NA,NA
359,2022/3/17,0.540638404,46,shenzhen,1.397904621,R0=6,NA,NA,NA,NA
360,2022/3/18,0.710479146,47,shenzhen,1.872344939,R0=6,NA,NA,NA,NA
361,2022/3/19,0.924373458,48,shenzhen,2.497903714,R0=6,NA,NA,NA,NA
362,2022/3/20,1.187301479,49,shenzhen,3.315330016,R0=6,NA,NA,NA,NA
364,2022/3/22,1.858626553,51,shenzhen,5.715056217,R0=6,NA,NA,NA,NA
365,2022/3/23,2.247357871,52,shenzhen,7.394607487,R0=6,NA,NA,NA,NA
366,2022/3/24,2.641853117,53,shenzhen,9.447599699,R0=6,NA,NA,NA,NA
367,2022/3/25,3.008425405,54,shenzhen,11.89220519,R0=6,NA,NA,NA,NA
368,2022/3/26,3.309726931,55,shenzhen,14.71734445,R0=6,NA,NA,NA,NA
369,2022/3/27,3.512706228,56,shenzhen,17.87642062,R0=6,NA,NA,NA,NA
370,2022/3/28,3.596697661,57,shenzhen,21.2876372,R0=6,NA,NA,NA,NA
371,2022/3/29,3.557862912,58,shenzhen,24.84233915,R0=6,NA,NA,NA,NA
372,2022/3/30,3.408749089,59,shenzhen,28.41961943,R0=6,NA,NA,NA,NA
373,2022/3/31,3.173556949,60,shenzhen,31.90292543,R0=6,NA,NA,NA,NA
374,2022/4/1,2.881467387,61,shenzhen,35.19407845,R0=6,NA,NA,NA,NA
375,2022/4/2,2.560806545,62,shenzhen,38.22159062,R0=6,NA,NA,NA,NA
376,2022/4/3,2.235242978,63,shenzhen,40.94272759,R0=6,NA,NA,NA,NA
377,2022/4/4,1.922213616,64,shenzhen,43.34075235,R0=6,NA,NA,NA,NA
378,2022/4/5,1.632985052,65,shenzhen,45.41948065,R0=6,NA,NA,NA,NA
379,2022/4/6,1.373643762,66,shenzhen,47.19707998,R0=6,NA,NA,NA,NA
380,2022/4/7,1.14637017,67,shenzhen,48.70039439,R0=6,NA,NA,NA,NA
381,2022/4/8,0.95070303,68,shenzhen,49.96040135,R0=6,NA,NA,NA,NA
382,2022/4/9,0.784558686,69,shenzhen,51.00893795,R0=6,NA,NA,NA,NA
383,2022/4/10,0.644995502,70,shenzhen,51.87656881,R0=6,NA,NA,NA,NA
384,2022/4/11,0.528742844,71,shenzhen,52.59134591,R0=6,NA,NA,NA,NA
385,2022/4/12,0.432536527,72,shenzhen,53.17821508,R0=6,NA,NA,NA,NA
386,2022/4/13,0.353318801,73,shenzhen,53.65885476,R0=6,NA,NA,NA,NA
387,2022/4/14,0.288345751,74,shenzhen,54.05178243,R0=6,NA,NA,NA,NA
388,2022/4/15,0.235204719,75,shenzhen,54.3726147,R0=6,NA,NA,NA,NA
389,2022/4/16,0.191832369,76,shenzhen,54.63438994,R0=6,NA,NA,NA,NA
390,2022/4/17,0.156482749,77,shenzhen,54.84790848,R0=6,NA,NA,NA,NA
391,2022/4/18,0.127697298,78,shenzhen,55.02206604,R0=6,NA,NA,NA,NA
392,2022/4/19,0.104267752,79,shenzhen,55.16415607,R0=6,NA,NA,NA,NA
393,2022/4/20,0.085198407,80,shenzhen,55.28013859,R0=6,NA,NA,NA,NA
394,2022/4/21,0.069674506,81,shenzhen,55.37487167,R0=6,NA,NA,NA,NA
395,2022/4/22,0.05703128,82,shenzhen,55.45230813,R0=6,NA,NA,NA,NA
396,2022/4/23,0.046727169,83,shenzhen,55.51566102,R0=6,NA,NA,NA,NA
397,2022/4/24,0.03832222,84,shenzhen,55.56754024,R0=6,NA,NA,NA,NA
398,2022/4/25,0.031460791,85,shenzhen,55.61006494,R0=6,NA,NA,NA,NA
399,2022/4/26,0.025853363,86,shenzhen,55.64495644,R0=6,NA,NA,NA,NA
400,2022/4/27,0.021266024,87,shenzhen,55.67361352,R0=6,NA,NA,NA,NA
401,2022/4/28,0.01750915,88,shenzhen,55.69717322,R0=6,NA,NA,NA,NA
402,2022/4/29,0.014429012,89,shenzhen,55.7165608,R0=6,NA,NA,NA,NA
403,2022/4/30,0.01190098,90,shenzhen,55.73252988,R0=6,NA,NA,NA,NA
404,2022/5/1,0.009823869,91,shenzhen,55.74569488,R0=6,NA,NA,NA,NA
405,2022/5/2,0.008115527,92,shenzhen,55.7565573,R0=6,NA,NA,NA,NA
406,2022/5/3,0.006709025,93,shenzhen,55.765527,R0=6,NA,NA,NA,NA
407,2022/5/4,0.005549982,94,shenzhen,55.77293928,R0=6,NA,NA,NA,NA
408,2022/5/5,0.004593983,95,shenzhen,55.77906878,R0=6,NA,NA,NA,NA
409,2022/5/6,0.003804838,96,shenzhen,55.78414076,R0=6,NA,NA,NA,NA
410,2022/5/7,0.003152866,97,shenzhen,55.78834017,R0=6,NA,NA,NA,NA
411,2022/5/8,0.002613856,98,shenzhen,55.79181903,R0=6,NA,NA,NA,NA
412,2022/5/9,0.00216793,99,shenzhen,55.79470239,R0=6,NA,NA,NA,NA
413,2022/5/10,0.001798784,100,shenzhen,55.79709328,R0=6,NA,NA,NA,NA
414,2022/5/11,0.001493028,101,shenzhen,55.79907664,R0=6,NA,NA,NA,NA
415,2022/5/12,0.001239641,102,shenzhen,55.80072254,R0=6,NA,NA,NA,NA
416,2022/5/13,0.001029553,103,shenzhen,55.80208888,R0=6,NA,NA,NA,NA
417,2022/5/14,0.000855297,104,shenzhen,55.80322348,R0=6,NA,NA,NA,NA
418,2022/5/15,0.000710698,105,shenzhen,55.8041659,R0=6,NA,NA,NA,NA
419,2022/5/16,0.000590669,106,shenzhen,55.8049489,R0=6,NA,NA,NA,NA
420,2022/5/17,0.000491005,107,shenzhen,55.80559958,R0=6,NA,NA,NA,NA
421,2022/5/18,0.000408223,108,shenzhen,55.80614042,R0=6,NA,NA,NA,NA
422,2022/5/19,0.000339452,109,shenzhen,55.80659003,R0=6,NA,NA,NA,NA
423,2022/5/20,0.000282302,110,shenzhen,55.80696387,R0=6,NA,NA,NA,NA
424,2022/5/21,0.000234803,111,shenzhen,55.80727475,R0=6,NA,NA,NA,NA
425,2022/5/22,0.000195316,112,shenzhen,55.8075333,R0=6,NA,NA,NA,NA
426,2022/5/23,0.000162485,113,shenzhen,55.80774836,R0=6,NA,NA,NA,NA
427,2022/5/24,0.000135183,114,shenzhen,55.80792726,R0=6,NA,NA,NA,NA
428,2022/5/25,0.000112478,115,shenzhen,55.80807609,R0=6,NA,NA,NA,NA
429,2022/5/26,9.36E-05,116,shenzhen,55.80819992,R0=6,NA,NA,NA,NA
430,2022/5/27,7.79E-05,117,shenzhen,55.80830296,R0=6,NA,NA,NA,NA
431,2022/5/28,6.48E-05,118,shenzhen,55.8083887,R0=6,NA,NA,NA,NA
432,2022/5/29,5.39E-05,119,shenzhen,55.80846004,R0=6,NA,NA,NA,NA
433,2022/5/30,4.49E-05,120,shenzhen,55.80851942,R0=6,NA,NA,NA,NA
434,2022/5/31,3.74E-05,121,shenzhen,55.80856883,R0=6,NA,NA,NA,NA
435,2022/6/1,3.11E-05,122,shenzhen,55.80860996,R0=6,NA,NA,NA,NA
436,2022/6/2,2.59E-05,123,shenzhen,55.80864419,R0=6,NA,NA,NA,NA
437,2022/6/3,2.15E-05,124,shenzhen,55.80867268,R0=6,NA,NA,NA,NA
438,2022/6/4,1.79E-05,125,shenzhen,55.80869639,R0=6,NA,NA,NA,NA
439,2022/6/5,1.49E-05,126,shenzhen,55.80871613,R0=6,NA,NA,NA,NA
440,2022/6/6,1.24E-05,127,shenzhen,55.80873256,R0=6,NA,NA,NA,NA
441,2022/6/7,1.03E-05,128,shenzhen,55.80874623,R0=6,NA,NA,NA,NA
442,2022/6/8,8.61E-06,129,shenzhen,55.80875761,R0=6,NA,NA,NA,NA
443,2022/6/9,7.17E-06,130,shenzhen,55.80876709,R0=6,NA,NA,NA,NA
444,2022/6/10,5.97E-06,131,shenzhen,55.80877498,R0=6,NA,NA,NA,NA
445,2022/6/11,4.97E-06,132,shenzhen,55.80878155,R0=6,NA,NA,NA,NA
446,2022/6/12,4.13E-06,133,shenzhen,55.80878701,R0=6,NA,NA,NA,NA
447,2022/6/13,3.44E-06,134,shenzhen,55.80879156,R0=6,NA,NA,NA,NA
448,2022/1/31,0,1,shenzhen,NA,R0=5,NA,NA,NA,NA
449,2022/2/1,4.20E-07,2,shenzhen,NA,R0=5,NA,NA,NA,NA
450,2022/2/2,9.13E-07,3,shenzhen,2.10E-07,R0=5,NA,NA,NA,NA
451,2022/2/3,1.41E-06,4,shenzhen,8.77E-07,R0=5,NA,NA,NA,NA
452,2022/2/4,1.96E-06,5,shenzhen,2.04E-06,R0=5,NA,NA,NA,NA
454,2022/2/6,3.40E-06,7,shenzhen,6.01E-06,R0=5,NA,NA,NA,NA
455,2022/2/7,4.41E-06,8,shenzhen,9.01E-06,R0=5,NA,NA,NA,NA
456,2022/2/8,5.71E-06,9,shenzhen,1.29E-05,R0=5,NA,NA,NA,NA
457,2022/2/9,7.39E-06,10,shenzhen,1.80E-05,R0=5,NA,NA,NA,NA
458,2022/2/10,9.56E-06,11,shenzhen,2.45E-05,R0=5,NA,NA,NA,NA
459,2022/2/11,1.24E-05,12,shenzhen,3.30E-05,R0=5,NA,NA,NA,NA
460,2022/2/12,1.60E-05,13,shenzhen,4.40E-05,R0=5,NA,NA,NA,NA
461,2022/2/13,2.07E-05,14,shenzhen,5.81E-05,R0=5,NA,NA,NA,NA
462,2022/2/14,2.67E-05,15,shenzhen,7.65E-05,R0=5,NA,NA,NA,NA
463,2022/2/15,3.46E-05,16,shenzhen,0.000100158,R0=5,NA,NA,NA,NA
464,2022/2/16,4.47E-05,17,shenzhen,0.000130811,R0=5,NA,NA,NA,NA
465,2022/2/17,5.78E-05,18,shenzhen,0.000170452,R0=5,NA,NA,NA,NA
466,2022/2/18,7.48E-05,19,shenzhen,0.000221717,R0=5,NA,NA,NA,NA
467,2022/2/19,9.67E-05,20,shenzhen,0.000288014,R0=5,NA,NA,NA,NA
468,2022/2/20,0.000125053,21,shenzhen,0.00037375,R0=5,NA,NA,NA,NA
469,2022/2/21,0.00016172,22,shenzhen,0.000484626,R0=5,NA,NA,NA,NA
470,2022/2/22,0.000209139,23,shenzhen,0.000628013,R0=5,NA,NA,NA,NA
471,2022/2/23,0.000270462,24,shenzhen,0.000813443,R0=5,NA,NA,NA,NA
472,2022/2/24,0.000349763,25,shenzhen,0.001053243,R0=5,NA,NA,NA,NA
473,2022/2/25,0.000452316,26,shenzhen,0.001363356,R0=5,NA,NA,NA,NA
474,2022/2/26,0.000584934,27,shenzhen,0.001764396,R0=5,NA,NA,NA,NA
475,2022/2/27,0.00075643,28,shenzhen,0.00228302,R0=5,NA,NA,NA,NA
476,2022/2/28,0.000978201,29,shenzhen,0.002953702,R0=5,NA,NA,NA,NA
477,2022/3/1,0.001264974,30,shenzhen,0.003821018,R0=5,NA,NA,NA,NA
478,2022/3/2,0.0016358,31,shenzhen,0.004942605,R0=5,NA,NA,NA,NA
479,2022/3/3,0.0021153,32,shenzhen,0.006392992,R0=5,NA,NA,NA,NA
480,2022/3/4,0.002735295,33,shenzhen,0.008268542,R0=5,NA,NA,NA,NA
481,2022/3/5,0.003536906,34,shenzhen,0.010693839,R0=5,NA,NA,NA,NA
482,2022/3/6,0.004573257,35,shenzhen,0.013829939,R0=5,NA,NA,NA,NA
483,2022/3/7,0.005913036,36,shenzhen,0.017885021,R0=5,NA,NA,NA,NA
484,2022/3/8,0.007644789,37,shenzhen,0.023128167,R0=5,NA,NA,NA,NA
485,2022/3/9,0.009882987,38,shenzhen,0.029907079,R0=5,NA,NA,NA,NA
486,2022/3/10,0.01277515,39,shenzhen,0.038670967,R0=5,NA,NA,NA,NA
487,2022/3/11,0.016511438,40,shenzhen,0.050000035,R0=5,NA,NA,NA,NA
488,2022/3/12,0.021336868,41,shenzhen,0.064643329,R0=5,NA,NA,NA,NA
489,2022/3/13,0.027566413,42,shenzhen,0.083567482,R0=5,NA,NA,NA,NA
490,2022/3/14,0.035604525,43,shenzhen,0.108019122,R0=5,NA,NA,NA,NA
491,2022/3/15,0.045969376,44,shenzhen,0.139604591,R0=5,NA,NA,NA,NA
492,2022/3/16,0.059323701,45,shenzhen,0.180391542,R0=5,NA,NA,NA,NA
494,2022/3/18,0.098597929,47,shenzhen,0.300954974,R0=5,NA,NA,NA,NA
495,2022/3/19,0.126932403,48,shenzhen,0.388508981,R0=5,NA,NA,NA,NA
496,2022/3/20,0.163195539,49,shenzhen,0.501274147,R0=5,NA,NA,NA,NA
497,2022/3/21,0.209466549,50,shenzhen,0.646338118,R0=5,NA,NA,NA,NA
498,2022/3/22,0.268278783,51,shenzhen,0.832669162,R0=5,NA,NA,NA,NA
499,2022/3/23,0.342659822,52,shenzhen,1.071541828,R0=5,NA,NA,NA,NA
500,2022/3/24,0.436136345,53,shenzhen,1.37701113,R0=5,NA,NA,NA,NA
502,2022/3/26,0.696403283,55,shenzhen,2.260803986,R0=5,NA,NA,NA,NA
503,2022/3/27,0.871437108,56,shenzhen,2.885332227,R0=5,NA,NA,NA,NA
504,2022/3/28,1.081067026,57,shenzhen,3.669252423,R0=5,NA,NA,NA,NA
505,2022/3/29,1.326964202,58,shenzhen,4.64550449,R0=5,NA,NA,NA,NA
507,2022/3/31,1.919062118,60,shenzhen,7.317013838,R0=5,NA,NA,NA,NA
508,2022/4/1,2.249754007,61,shenzhen,9.080556531,R0=5,NA,NA,NA,NA
509,2022/4/2,2.584200395,62,shenzhen,11.16496459,R0=5,NA,NA,NA,NA
510,2022/4/3,2.901642876,63,shenzhen,13.5819418,R0=5,NA,NA,NA,NA
511,2022/4/4,3.178707635,64,shenzhen,16.32486343,R0=5,NA,NA,NA,NA
512,2022/4/5,3.392848947,65,shenzhen,19.36503869,R0=5,NA,NA,NA,NA
513,2022/4/6,3.52631725,66,shenzhen,22.65081698,R0=5,NA,NA,NA,NA
514,2022/4/7,3.569396562,67,shenzhen,26.11040008,R0=5,NA,NA,NA,NA
515,2022/4/8,3.521903279,68,shenzhen,29.65825698,R0=5,NA,NA,NA,NA
516,2022/4/9,3.392571669,69,shenzhen,33.2039069,R0=5,NA,NA,NA,NA
517,2022/4/10,3.196708245,70,shenzhen,36.66114438,R0=5,NA,NA,NA,NA
518,2022/4/11,2.95302555,71,shenzhen,39.95578433,R0=5,NA,NA,NA,NA
519,2022/4/12,2.680607076,72,shenzhen,43.03065123,R0=5,NA,NA,NA,NA
520,2022/4/13,2.396614105,73,shenzhen,45.84746754,R0=5,NA,NA,NA,NA
521,2022/4/14,2.114978,74,shenzhen,48.38607813,R0=5,NA,NA,NA,NA
522,2022/4/15,1.845965553,75,shenzhen,50.64187419,R0=5,NA,NA,NA,NA
523,2022/4/16,1.596347602,76,shenzhen,52.62234596,R0=5,NA,NA,NA,NA
524,2022/4/17,1.369949838,77,shenzhen,54.34350254,R0=5,NA,NA,NA,NA
525,2022/4/18,1.168293546,78,shenzhen,55.82665126,R0=5,NA,NA,NA,NA
526,2022/4/19,0.991255073,79,shenzhen,57.09577295,R0=5,NA,NA,NA,NA
527,2022/4/20,0.837624139,80,shenzhen,58.17554726,R0=5,NA,NA,NA,NA
528,2022/4/21,0.705534733,81,shenzhen,59.08998687,R0=5,NA,NA,NA,NA
529,2022/4/22,0.5928061,82,shenzhen,59.8615663,R0=5,NA,NA,NA,NA
530,2022/4/23,0.497171303,83,shenzhen,60.51073672,R0=5,NA,NA,NA,NA
531,2022/4/24,0.416408366,84,shenzhen,61.05572542,R0=5,NA,NA,NA,NA
532,2022/4/25,0.348454564,85,shenzhen,61.51251526,R0=5,NA,NA,NA,NA
533,2022/4/26,0.291435272,86,shenzhen,61.89494672,R0=5,NA,NA,NA,NA
534,2022/4/27,0.243688691,87,shenzhen,62.21489164,R0=5,NA,NA,NA,NA
535,2022/4/28,0.203765481,88,shenzhen,62.48245362,R0=5,NA,NA,NA,NA
536,2022/4/29,0.170416016,89,shenzhen,62.70618071,R0=5,NA,NA,NA,NA
537,2022/4/30,0.142573524,90,shenzhen,62.89327145,R0=5,NA,NA,NA,NA
538,2022/5/1,0.119334602,91,shenzhen,63.04976622,R0=5,NA,NA,NA,NA
539,2022/5/2,0.099937109,92,shenzhen,63.18072029,R0=5,NA,NA,NA,NA
540,2022/5/3,0.083742555,93,shenzhen,63.29035614,R0=5,NA,NA,NA,NA
541,2022/5/4,0.070216243,94,shenzhen,63.38219597,R0=5,NA,NA,NA,NA
542,2022/5/5,0.058913029,95,shenzhen,63.45917537,R0=5,NA,NA,NA,NA
543,2022/5/6,0.04946121,96,shenzhen,63.52374001,R0=5,NA,NA,NA,NA
544,2022/5/7,0.041552407,97,shenzhen,63.57792713,R0=5,NA,NA,NA,NA
545,2022/5/8,0.034929727,98,shenzhen,63.62343394,R0=5,NA,NA,NA,NA
546,2022/5/9,0.029380113,99,shenzhen,63.661675,R0=5,NA,NA,NA,NA
547,2022/5/10,0.024726183,100,shenzhen,63.69382992,R0=5,NA,NA,NA,NA
548,2022/5/11,0.020820531,101,shenzhen,63.72088307,R0=5,NA,NA,NA,NA
549,2022/5/12,0.017540478,102,shenzhen,63.74365643,R0=5,NA,NA,NA,NA
550,2022/5/13,0.014783956,103,shenzhen,63.76283693,R0=5,NA,NA,NA,NA
551,2022/5/14,0.01246591,104,shenzhen,63.77899915,R0=5,NA,NA,NA,NA
552,2022/5/15,0.010515406,105,shenzhen,63.79262408,R0=5,NA,NA,NA,NA
553,2022/5/16,0.008873244,106,shenzhen,63.80411474,R0=5,NA,NA,NA,NA
554,2022/5/17,0.007489962,107,shenzhen,63.81380907,R0=5,NA,NA,NA,NA
555,2022/5/18,0.006324157,108,shenzhen,63.82199067,R0=5,NA,NA,NA,NA
556,2022/5/19,0.005341205,109,shenzhen,63.82889773,R0=5,NA,NA,NA,NA
557,2022/5/20,0.004512105,110,shenzhen,63.83473041,R0=5,NA,NA,NA,NA
558,2022/5/21,0.003812502,111,shenzhen,63.83965707,R0=5,NA,NA,NA,NA
559,2022/5/22,0.003221993,112,shenzhen,63.84381937,R0=5,NA,NA,NA,NA
560,2022/5/23,0.002723398,113,shenzhen,63.84733662,R0=5,NA,NA,NA,NA
561,2022/5/24,0.002302302,114,shenzhen,63.85030931,R0=5,NA,NA,NA,NA
562,2022/5/25,0.001946576,115,shenzhen,63.85282216,R0=5,NA,NA,NA,NA
563,2022/5/26,0.001646007,116,shenzhen,63.8549466,R0=5,NA,NA,NA,NA
564,2022/5/27,0.00139199,117,shenzhen,63.85674289,R0=5,NA,NA,NA,NA
565,2022/5/28,0.001177283,118,shenzhen,63.85826189,R0=5,NA,NA,NA,NA
566,2022/5/29,0.000995774,119,shenzhen,63.85954653,R0=5,NA,NA,NA,NA
567,2022/5/30,0.000842308,120,shenzhen,63.86063306,R0=5,NA,NA,NA,NA
568,2022/5/31,0.000712538,121,shenzhen,63.8615521,R0=5,NA,NA,NA,NA
569,2022/6/1,0.000602796,122,shenzhen,63.86232952,R0=5,NA,NA,NA,NA
570,2022/6/2,0.000509979,123,shenzhen,63.86298719,R0=5,NA,NA,NA,NA
571,2022/6/3,0.000431471,124,shenzhen,63.86354357,R0=5,NA,NA,NA,NA
572,2022/6/4,0.000365062,125,shenzhen,63.8640143,R0=5,NA,NA,NA,NA
573,2022/6/5,0.000308885,126,shenzhen,63.86441257,R0=5,NA,NA,NA,NA
574,2022/6/6,0.000261359,127,shenzhen,63.86474954,R0=5,NA,NA,NA,NA
575,2022/6/7,0.000221151,128,shenzhen,63.86503466,R0=5,NA,NA,NA,NA
576,2022/6/8,0.000187133,129,shenzhen,63.86527592,R0=5,NA,NA,NA,NA
577,2022/6/9,0.000158351,130,shenzhen,63.86548006,R0=5,NA,NA,NA,NA
578,2022/6/10,0.000133997,131,shenzhen,63.8656528,R0=5,NA,NA,NA,NA
579,2022/6/11,0.000113391,132,shenzhen,63.86579897,R0=5,NA,NA,NA,NA
580,2022/6/12,9.60E-05,133,shenzhen,63.86592267,R0=5,NA,NA,NA,NA
581,2022/6/13,8.12E-05,134,shenzhen,63.86602734,R0=5,NA,NA,NA,NA
582,2022/6/14,6.87E-05,135,shenzhen,63.86611592,R0=5,NA,NA,NA,NA
583,2022/6/15,5.82E-05,136,shenzhen,63.86619087,R0=5,NA,NA,NA,NA
584,2022/6/16,4.92E-05,137,shenzhen,63.86625431,R0=5,NA,NA,NA,NA
585,2022/6/17,4.16E-05,138,shenzhen,63.86630799,R0=5,NA,NA,NA,NA
586,2022/6/18,3.52E-05,139,shenzhen,63.86635341,R0=5,NA,NA,NA,NA
587,2022/6/19,2.98E-05,140,shenzhen,63.86639186,R0=5,NA,NA,NA,NA
588,2022/6/20,2.52E-05,141,shenzhen,63.86642439,R0=5,NA,NA,NA,NA
589,2022/6/21,2.14E-05,142,shenzhen,63.86645192,R0=5,NA,NA,NA,NA
590,2022/6/22,1.81E-05,143,shenzhen,63.86647522,R0=5,NA,NA,NA,NA
591,2022/6/23,1.53E-05,144,shenzhen,63.86649494,R0=5,NA,NA,NA,NA
592,2022/6/24,1.29E-05,145,shenzhen,63.86651163,R0=5,NA,NA,NA,NA
593,2022/6/25,1.10E-05,146,shenzhen,63.86652575,R0=5,NA,NA,NA,NA
594,2022/6/26,9.27E-06,147,shenzhen,63.8665377,R0=5,NA,NA,NA,NA
595,2022/6/27,7.85E-06,148,shenzhen,63.86654781,R0=5,NA,NA,NA,NA
596,2022/6/28,6.64E-06,149,shenzhen,63.86655637,R0=5,NA,NA,NA,NA
597,2022/6/29,5.62E-06,150,shenzhen,63.86656362,R0=5,NA,NA,NA,NA
598,2022/6/30,4.76E-06,151,shenzhen,63.86656975,R0=5,NA,NA,NA,NA
599,2022/7/1,4.02E-06,152,shenzhen,63.86657493,R0=5,NA,NA,NA,NA
600,2022/1/31,0,1,shenzhen,NA,R0=4,NA,NA,NA,NA
601,2022/2/1,4.17E-07,2,shenzhen,NA,R0=4,NA,NA,NA,NA
602,2022/2/2,8.90E-07,3,shenzhen,2.08E-07,R0=4,NA,NA,NA,NA
603,2022/2/3,1.34E-06,4,shenzhen,8.62E-07,R0=4,NA,NA,NA,NA
604,2022/2/4,1.79E-06,5,shenzhen,1.98E-06,R0=4,NA,NA,NA,NA
606,2022/2/6,2.83E-06,7,shenzhen,5.58E-06,R0=4,NA,NA,NA,NA
607,2022/2/7,3.50E-06,8,shenzhen,8.13E-06,R0=4,NA,NA,NA,NA
608,2022/2/8,4.30E-06,9,shenzhen,1.13E-05,R0=4,NA,NA,NA,NA
609,2022/2/9,5.29E-06,10,shenzhen,1.52E-05,R0=4,NA,NA,NA,NA
610,2022/2/10,6.50E-06,11,shenzhen,2.00E-05,R0=4,NA,NA,NA,NA
611,2022/2/11,7.97E-06,12,shenzhen,2.59E-05,R0=4,NA,NA,NA,NA
612,2022/2/12,9.79E-06,13,shenzhen,3.31E-05,R0=4,NA,NA,NA,NA
613,2022/2/13,1.20E-05,14,shenzhen,4.20E-05,R0=4,NA,NA,NA,NA
614,2022/2/14,1.48E-05,15,shenzhen,5.29E-05,R0=4,NA,NA,NA,NA
615,2022/2/15,1.81E-05,16,shenzhen,6.63E-05,R0=4,NA,NA,NA,NA
616,2022/2/16,2.22E-05,17,shenzhen,8.27E-05,R0=4,NA,NA,NA,NA
617,2022/2/17,2.73E-05,18,shenzhen,0.000102896,R0=4,NA,NA,NA,NA
618,2022/2/18,3.35E-05,19,shenzhen,0.000127657,R0=4,NA,NA,NA,NA
619,2022/2/19,4.11E-05,20,shenzhen,0.000158054,R0=4,NA,NA,NA,NA
620,2022/2/20,5.05E-05,21,shenzhen,0.000195369,R0=4,NA,NA,NA,NA
621,2022/2/21,6.20E-05,22,shenzhen,0.000241175,R0=4,NA,NA,NA,NA
622,2022/2/22,7.61E-05,23,shenzhen,0.000297407,R0=4,NA,NA,NA,NA
623,2022/2/23,9.34E-05,24,shenzhen,0.000366435,R0=4,NA,NA,NA,NA
624,2022/2/24,0.000114649,25,shenzhen,0.000451172,R0=4,NA,NA,NA,NA
625,2022/2/25,0.00014074,26,shenzhen,0.000555194,R0=4,NA,NA,NA,NA
626,2022/2/26,0.000172768,27,shenzhen,0.000682888,R0=4,NA,NA,NA,NA
627,2022/2/27,0.000212086,28,shenzhen,0.000839642,R0=4,NA,NA,NA,NA
628,2022/2/28,0.000260351,29,shenzhen,0.00103207,R0=4,NA,NA,NA,NA
629,2022/3/1,0.000319598,30,shenzhen,0.001268288,R0=4,NA,NA,NA,NA
630,2022/3/2,0.000392328,31,shenzhen,0.001558262,R0=4,NA,NA,NA,NA
631,2022/3/3,0.000481608,32,shenzhen,0.001914226,R0=4,NA,NA,NA,NA
632,2022/3/4,0.000591199,33,shenzhen,0.002351193,R0=4,NA,NA,NA,NA
633,2022/3/5,0.00072573,34,shenzhen,0.002887597,R0=4,NA,NA,NA,NA
634,2022/3/6,0.000890871,35,shenzhen,0.003546062,R0=4,NA,NA,NA,NA
635,2022/3/7,0.001093581,36,shenzhen,0.004354362,R0=4,NA,NA,NA,NA
636,2022/3/8,0.001342406,37,shenzhen,0.005346588,R0=4,NA,NA,NA,NA
637,2022/3/9,0.001647832,38,shenzhen,0.006564581,R0=4,NA,NA,NA,NA
638,2022/3/10,0.002022727,39,shenzhen,0.008059701,R0=4,NA,NA,NA,NA
639,2022/3/11,0.002482878,40,shenzhen,0.009894981,R0=4,NA,NA,NA,NA
640,2022/3/12,0.003047666,41,shenzhen,0.012147783,R0=4,NA,NA,NA,NA
641,2022/3/13,0.003740852,42,shenzhen,0.014913056,R0=4,NA,NA,NA,NA
642,2022/3/14,0.004591586,43,shenzhen,0.018307315,R0=4,NA,NA,NA,NA
643,2022/3/15,0.00563563,44,shenzhen,0.022473534,R0=4,NA,NA,NA,NA
644,2022/3/16,0.006916804,45,shenzhen,0.027587142,R0=4,NA,NA,NA,NA
645,2022/3/17,0.008488832,46,shenzhen,0.033863359,R0=4,NA,NA,NA,NA
646,2022/3/18,0.010417628,47,shenzhen,0.041566177,R0=4,NA,NA,NA,NA
647,2022/3/19,0.012783781,48,shenzhen,0.051019407,R0=4,NA,NA,NA,NA
648,2022/3/20,0.01568602,49,shenzhen,0.062620111,R0=4,NA,NA,NA,NA
649,2022/3/21,0.019245183,50,shenzhen,0.076855011,R0=4,NA,NA,NA,NA
650,2022/3/22,0.023608942,51,shenzhen,0.094320612,R0=4,NA,NA,NA,NA
651,2022/3/23,0.028957691,52,shenzhen,0.115747675,R0=4,NA,NA,NA,NA
652,2022/3/24,0.03551151,53,shenzhen,0.142030991,R0=4,NA,NA,NA,NA
653,2022/3/25,0.043538536,54,shenzhen,0.174265591,R0=4,NA,NA,NA,NA
654,2022/3/26,0.053365011,55,shenzhen,0.213790615,R0=4,NA,NA,NA,NA
655,2022/3/27,0.065386268,56,shenzhen,0.262242388,R0=4,NA,NA,NA,NA
657,2022/3/29,0.09802728,58,shenzhen,0.394351632,R0=4,NA,NA,NA,NA
658,2022/3/30,0.119919,59,shenzhen,0.483405742,R0=4,NA,NA,NA,NA
659,2022/3/31,0.14658491,60,shenzhen,0.592378882,R0=4,NA,NA,NA,NA
660,2022/4/1,0.179009955,61,shenzhen,0.725630837,R0=4,NA,NA,NA,NA
661,2022/4/2,0.218353439,62,shenzhen,0.888428269,R0=4,NA,NA,NA,NA
662,2022/4/3,0.265966796,63,shenzhen,1.087109966,R0=4,NA,NA,NA,NA
663,2022/4/4,0.323405272,64,shenzhen,1.329270084,R0=4,NA,NA,NA,NA
664,2022/4/5,0.392428396,65,shenzhen,1.623956118,R0=4,NA,NA,NA,NA
665,2022/4/6,0.474978939,66,shenzhen,1.981872952,R0=4,NA,NA,NA,NA
667,2022/4/8,0.689076602,68,shenzhen,2.939641421,R0=4,NA,NA,NA,NA
668,2022/4/9,0.824832284,69,shenzhen,3.570755054,R0=4,NA,NA,NA,NA
669,2022/4/10,0.982194067,70,shenzhen,4.327709497,R0=4,NA,NA,NA,NA
670,2022/4/11,1.162391376,71,shenzhen,5.231222673,R0=4,NA,NA,NA,NA
671,2022/4/12,1.365732735,72,shenzhen,6.303515395,R0=4,NA,NA,NA,NA
672,2022/4/13,1.591199078,73,shenzhen,7.56757745,R0=4,NA,NA,NA,NA
674,2022/4/15,2.095244813,75,shenzhen,10.7596474,R0=4,NA,NA,NA,NA
675,2022/4/16,2.361646816,76,shenzhen,12.72527431,R0=4,NA,NA,NA,NA
676,2022/4/17,2.625664763,77,shenzhen,14.95372012,R0=4,NA,NA,NA,NA
677,2022/4/18,2.875906599,78,shenzhen,17.44737591,R0=4,NA,NA,NA,NA
678,2022/4/19,3.099998604,79,shenzhen,20.19816159,R0=4,NA,NA,NA,NA
679,2022/4/20,3.285810133,80,shenzhen,23.18611419,R0=4,NA,NA,NA,NA
680,2022/4/21,3.422827963,81,shenzhen,26.37901856,R0=4,NA,NA,NA,NA
681,2022/4/22,3.503451159,82,shenzhen,29.73333761,R0=4,NA,NA,NA,NA
682,2022/4/23,3.523930676,83,shenzhen,33.19647717,R0=4,NA,NA,NA,NA
683,2022/4/24,3.4847293,84,shenzhen,36.71016809,R0=4,NA,NA,NA,NA
684,2022/4/25,3.390245851,85,shenzhen,40.21449808,R0=4,NA,NA,NA,NA
685,2022/4/26,3.248067239,86,shenzhen,43.65198565,R0=4,NA,NA,NA,NA
686,2022/4/27,3.067841883,87,shenzhen,46.9711422,R0=4,NA,NA,NA,NA
687,2022/4/28,2.860101704,88,shenzhen,50.12909676,R0=4,NA,NA,NA,NA
688,2022/4/29,2.635243062,89,shenzhen,53.09306855,R0=4,NA,NA,NA,NA
689,2022/4/30,2.402694668,90,shenzhen,55.84074093,R0=4,NA,NA,NA,NA
690,2022/5/1,2.170445449,91,shenzhen,58.3597098,R0=4,NA,NA,NA,NA
691,2022/5/2,1.94480147,92,shenzhen,60.64627986,R0=4,NA,NA,NA,NA
692,2022/5/3,1.730418655,93,shenzhen,62.70390332,R0=4,NA,NA,NA,NA
693,2022/5/4,1.530396277,94,shenzhen,64.54151338,R0=4,NA,NA,NA,NA
694,2022/5/5,1.346562113,95,shenzhen,66.17192085,R0=4,NA,NA,NA,NA
695,2022/5/6,1.179687475,96,shenzhen,67.61040004,R0=4,NA,NA,NA,NA
696,2022/5/7,1.029753666,97,shenzhen,68.87352483,R0=4,NA,NA,NA,NA
697,2022/5/8,0.896190381,98,shenzhen,69.97824541,R0=4,NA,NA,NA,NA
698,2022/5/9,0.778043998,99,shenzhen,70.94121743,R0=4,NA,NA,NA,NA
699,2022/5/10,0.674145861,100,shenzhen,71.77833462,R0=4,NA,NA,NA,NA
700,2022/5/11,0.58321045,101,shenzhen,72.50442955,R0=4,NA,NA,NA,NA
701,2022/5/12,0.50392887,102,shenzhen,73.1331077,R0=4,NA,NA,NA,NA
702,2022/5/13,0.435023079,103,shenzhen,73.67667736,R0=4,NA,NA,NA,NA
703,2022/5/14,0.375289364,104,shenzhen,74.14615334,R0=4,NA,NA,NA,NA
704,2022/5/15,0.323607683,105,shenzhen,74.55130956,R0=4,NA,NA,NA,NA
705,2022/5/16,0.278961309,106,shenzhen,74.90075808,R0=4,NA,NA,NA,NA
706,2022/5/17,0.240436818,107,shenzhen,75.20204258,R0=4,NA,NA,NA,NA
707,2022/5/18,0.207222698,108,shenzhen,75.46174164,R0=4,NA,NA,NA,NA
708,2022/5/19,0.178604198,109,shenzhen,75.6855714,R0=4,NA,NA,NA,NA
709,2022/5/20,0.153953984,110,shenzhen,75.87848485,R0=4,NA,NA,NA,NA
710,2022/5/21,0.13272606,111,shenzhen,76.04476394,R0=4,NA,NA,NA,NA
711,2022/5/22,0.114446888,112,shenzhen,76.18810396,R0=4,NA,NA,NA,NA
712,2022/5/23,0.098706035,113,shenzhen,76.31169043,R0=4,NA,NA,NA,NA
713,2022/5/24,0.085149633,114,shenzhen,76.4182669,R0=4,NA,NA,NA,NA
714,2022/5/25,0.073471961,115,shenzhen,76.51019473,R0=4,NA,NA,NA,NA
715,2022/5/26,0.063410305,116,shenzhen,76.58950553,R0=4,NA,NA,NA,NA
716,2022/5/27,0.054738883,117,shenzhen,76.65794666,R0=4,NA,NA,NA,NA
717,2022/5/28,0.047263695,118,shenzhen,76.71702125,R0=4,NA,NA,NA,NA
718,2022/5/29,0.040818047,119,shenzhen,76.76802254,R0=4,NA,NA,NA,NA
719,2022/5/30,0.035258332,120,shenzhen,76.81206341,R0=4,NA,NA,NA,NA
720,2022/5/31,0.03046147,121,shenzhen,76.8501016,R0=4,NA,NA,NA,NA
721,2022/6/1,0.026321718,122,shenzhen,76.8829615,R0=4,NA,NA,NA,NA
722,2022/6/2,0.022748157,123,shenzhen,76.9113531,R0=4,NA,NA,NA,NA
723,2022/6/3,0.019662627,124,shenzhen,76.93588804,R0=4,NA,NA,NA,NA
724,2022/6/4,0.016997859,125,shenzhen,76.95709343,R0=4,NA,NA,NA,NA
725,2022/6/5,0.014695935,126,shenzhen,76.97542367,R0=4,NA,NA,NA,NA
726,2022/6/6,0.012707164,127,shenzhen,76.99127057,R0=4,NA,NA,NA,NA
727,2022/6/7,0.010988586,128,shenzhen,77.00497212,R0=4,NA,NA,NA,NA
728,2022/6/8,0.009503272,129,shenzhen,77.01681999,R0=4,NA,NA,NA,NA
729,2022/6/9,0.008219387,130,shenzhen,77.02706592,R0=4,NA,NA,NA,NA
730,2022/6/10,0.007109445,131,shenzhen,77.03592725,R0=4,NA,NA,NA,NA
731,2022/6/11,0.006149745,132,shenzhen,77.04359166,R0=4,NA,NA,NA,NA
732,2022/6/12,0.005319906,133,shenzhen,77.05022126,R0=4,NA,NA,NA,NA
733,2022/6/13,0.004602268,134,shenzhen,77.05595609,R0=4,NA,NA,NA,NA
734,2022/6/14,0.003981609,135,shenzhen,77.06091717,R0=4,NA,NA,NA,NA
735,2022/6/15,0.00344478,136,shenzhen,77.06520911,R0=4,NA,NA,NA,NA
736,2022/6/16,0.002980431,137,shenzhen,77.0689223,R0=4,NA,NA,NA,NA
737,2022/6/17,0.002578755,138,shenzhen,77.07213491,R0=4,NA,NA,NA,NA
738,2022/6/18,0.002231272,139,shenzhen,77.0749145,R0=4,NA,NA,NA,NA
739,2022/6/19,0.001930651,140,shenzhen,77.07731952,R0=4,NA,NA,NA,NA
740,2022/6/20,0.001670569,141,shenzhen,77.07940048,R0=4,NA,NA,NA,NA
741,2022/6/21,0.001445547,142,shenzhen,77.08120109,R0=4,NA,NA,NA,NA
742,2022/6/22,0.001250859,143,shenzhen,77.08275915,R0=4,NA,NA,NA,NA
743,2022/6/23,0.001082404,144,shenzhen,77.08410735,R0=4,NA,NA,NA,NA
744,2022/6/24,0.000936645,145,shenzhen,77.08527398,R0=4,NA,NA,NA,NA
745,2022/6/25,0.000810523,146,shenzhen,77.08628351,R0=4,NA,NA,NA,NA
746,2022/6/26,0.00070139,147,shenzhen,77.08715709,R0=4,NA,NA,NA,NA
747,2022/6/27,0.000606953,148,shenzhen,77.08791305,R0=4,NA,NA,NA,NA
748,2022/6/28,0.00052524,149,shenzhen,77.08856722,R0=4,NA,NA,NA,NA
749,2022/6/29,0.000454527,150,shenzhen,77.08913331,R0=4,NA,NA,NA,NA
750,2022/6/30,0.000393338,151,shenzhen,77.0896232,R0=4,NA,NA,NA,NA
751,2022/7/1,0.000340387,152,shenzhen,77.09004713,R0=4,NA,NA,NA,NA
752,2022/7/2,0.000294566,153,shenzhen,77.09041399,R0=4,NA,NA,NA,NA
753,2022/7/3,0.000254913,154,shenzhen,77.09073147,R0=4,NA,NA,NA,NA
754,2022/7/4,0.0002206,155,shenzhen,77.09100621,R0=4,NA,NA,NA,NA
755,2022/7/5,0.000190905,156,shenzhen,77.09124396,R0=4,NA,NA,NA,NA
756,2022/7/6,0.000165208,157,shenzhen,77.09144972,R0=4,NA,NA,NA,NA
757,2022/7/7,0.00014297,158,shenzhen,77.09162777,R0=4,NA,NA,NA,NA
758,2022/7/8,0.000123726,159,shenzhen,77.09178186,R0=4,NA,NA,NA,NA
759,2022/7/9,0.000107072,160,shenzhen,77.09191521,R0=4,NA,NA,NA,NA
760,2022/7/10,9.27E-05,161,shenzhen,77.09203061,R0=4,NA,NA,NA,NA
761,2022/7/11,8.02E-05,162,shenzhen,77.09213048,R0=4,NA,NA,NA,NA
762,2022/7/12,6.94E-05,163,shenzhen,77.0922169,R0=4,NA,NA,NA,NA
763,2022/7/13,6.01E-05,164,shenzhen,77.09229169,R0=4,NA,NA,NA,NA
764,2022/7/14,5.20E-05,165,shenzhen,77.09235642,R0=4,NA,NA,NA,NA
765,2022/7/15,4.50E-05,166,shenzhen,77.09241243,R0=4,NA,NA,NA,NA
766,2022/7/16,3.89E-05,167,shenzhen,77.0924609,R0=4,NA,NA,NA,NA
767,2022/7/17,3.37E-05,168,shenzhen,77.09250285,R0=4,NA,NA,NA,NA
768,2022/7/18,2.92E-05,169,shenzhen,77.09253916,R0=4,NA,NA,NA,NA
769,2022/7/19,2.52E-05,170,shenzhen,77.09257057,R0=4,NA,NA,NA,NA
770,2022/7/20,2.18E-05,171,shenzhen,77.09259776,R0=4,NA,NA,NA,NA
771,2022/7/21,1.89E-05,172,shenzhen,77.09262129,R0=4,NA,NA,NA,NA
772,2022/7/22,1.63E-05,173,shenzhen,77.09264165,R0=4,NA,NA,NA,NA
773,2022/7/23,1.41E-05,174,shenzhen,77.09265927,R0=4,NA,NA,NA,NA
774,2022/7/24,1.22E-05,175,shenzhen,77.09267452,R0=4,NA,NA,NA,NA
775,2022/7/25,1.06E-05,176,shenzhen,77.09268772,R0=4,NA,NA,NA,NA
776,2022/7/26,9.17E-06,177,shenzhen,77.09269914,R0=4,NA,NA,NA,NA
777,2022/7/27,7.94E-06,178,shenzhen,77.09270902,R0=4,NA,NA,NA,NA
778,2022/7/28,6.87E-06,179,shenzhen,77.09271758,R0=4,NA,NA,NA,NA
779,2022/7/29,5.94E-06,180,shenzhen,77.09272498,R0=4,NA,NA,NA,NA
780,2022/7/30,5.14E-06,181,shenzhen,77.09273139,R0=4,NA,NA,NA,NA
781,2022/1/31,0,1,shenzhen,NA,R0=3,NA,NA,NA,NA
782,2022/2/1,4.53E-07,2,shenzhen,NA,R0=3,NA,NA,NA,NA
783,2022/2/2,9.50E-07,3,shenzhen,2.26E-07,R0=3,NA,NA,NA,NA
784,2022/2/3,1.39E-06,4,shenzhen,9.28E-07,R0=3,NA,NA,NA,NA
785,2022/2/4,1.79E-06,5,shenzhen,2.10E-06,R0=3,NA,NA,NA,NA
787,2022/2/6,2.56E-06,7,shenzhen,5.66E-06,R0=3,NA,NA,NA,NA
788,2022/2/7,2.99E-06,8,shenzhen,8.03E-06,R0=3,NA,NA,NA,NA
789,2022/2/8,3.48E-06,9,shenzhen,1.08E-05,R0=3,NA,NA,NA,NA
790,2022/2/9,4.03E-06,10,shenzhen,1.40E-05,R0=3,NA,NA,NA,NA
791,2022/2/10,4.67E-06,11,shenzhen,1.78E-05,R0=3,NA,NA,NA,NA
792,2022/2/11,5.40E-06,12,shenzhen,2.21E-05,R0=3,NA,NA,NA,NA
793,2022/2/12,6.25E-06,13,shenzhen,2.72E-05,R0=3,NA,NA,NA,NA
794,2022/2/13,7.23E-06,14,shenzhen,3.30E-05,R0=3,NA,NA,NA,NA
795,2022/2/14,8.37E-06,15,shenzhen,3.98E-05,R0=3,NA,NA,NA,NA
796,2022/2/15,9.68E-06,16,shenzhen,4.76E-05,R0=3,NA,NA,NA,NA
797,2022/2/16,1.12E-05,17,shenzhen,5.66E-05,R0=3,NA,NA,NA,NA
798,2022/2/17,1.30E-05,18,shenzhen,6.70E-05,R0=3,NA,NA,NA,NA
799,2022/2/18,1.50E-05,19,shenzhen,7.91E-05,R0=3,NA,NA,NA,NA
800,2022/2/19,1.73E-05,20,shenzhen,9.31E-05,R0=3,NA,NA,NA,NA
801,2022/2/20,2.01E-05,21,shenzhen,0.000109241,R0=3,NA,NA,NA,NA
802,2022/2/21,2.32E-05,22,shenzhen,0.000127944,R0=3,NA,NA,NA,NA
803,2022/2/22,2.69E-05,23,shenzhen,0.000149581,R0=3,NA,NA,NA,NA
804,2022/2/23,3.11E-05,24,shenzhen,0.000174613,R0=3,NA,NA,NA,NA
805,2022/2/24,3.59E-05,25,shenzhen,0.000203572,R0=3,NA,NA,NA,NA
806,2022/2/25,4.16E-05,26,shenzhen,0.000237074,R0=3,NA,NA,NA,NA
807,2022/2/26,4.81E-05,27,shenzhen,0.000275832,R0=3,NA,NA,NA,NA
808,2022/2/27,5.56E-05,28,shenzhen,0.000320671,R0=3,NA,NA,NA,NA
809,2022/2/28,6.44E-05,29,shenzhen,0.000372545,R0=3,NA,NA,NA,NA
810,2022/3/1,7.45E-05,30,shenzhen,0.000432556,R0=3,NA,NA,NA,NA
811,2022/3/2,8.62E-05,31,shenzhen,0.000501983,R0=3,NA,NA,NA,NA
812,2022/3/3,9.97E-05,32,shenzhen,0.000582302,R0=3,NA,NA,NA,NA
813,2022/3/4,0.000115317,33,shenzhen,0.000675223,R0=3,NA,NA,NA,NA
814,2022/3/5,0.000133409,34,shenzhen,0.00078272,R0=3,NA,NA,NA,NA
815,2022/3/6,0.000154338,35,shenzhen,0.000907083,R0=3,NA,NA,NA,NA
816,2022/3/7,0.000178552,36,shenzhen,0.001050957,R0=3,NA,NA,NA,NA
817,2022/3/8,0.000206564,37,shenzhen,0.001217401,R0=3,NA,NA,NA,NA
818,2022/3/9,0.00023897,38,shenzhen,0.001409959,R0=3,NA,NA,NA,NA
819,2022/3/10,0.00027646,39,shenzhen,0.001632726,R0=3,NA,NA,NA,NA
820,2022/3/11,0.000319831,40,shenzhen,0.001890441,R0=3,NA,NA,NA,NA
821,2022/3/12,0.000370006,41,shenzhen,0.002188587,R0=3,NA,NA,NA,NA
822,2022/3/13,0.000428052,42,shenzhen,0.002533505,R0=3,NA,NA,NA,NA
823,2022/3/14,0.000495204,43,shenzhen,0.002932535,R0=3,NA,NA,NA,NA
824,2022/3/15,0.000572889,44,shenzhen,0.003394163,R0=3,NA,NA,NA,NA
825,2022/3/16,0.000662759,45,shenzhen,0.003928209,R0=3,NA,NA,NA,NA
826,2022/3/17,0.000766728,46,shenzhen,0.004546033,R0=3,NA,NA,NA,NA
827,2022/3/18,0.000886998,47,shenzhen,0.005260777,R0=3,NA,NA,NA,NA
828,2022/3/19,0.001026139,48,shenzhen,0.006087639,R0=3,NA,NA,NA,NA
829,2022/3/20,0.001187096,49,shenzhen,0.007044208,R0=3,NA,NA,NA,NA
830,2022/3/21,0.001373302,50,shenzhen,0.008150826,R0=3,NA,NA,NA,NA
831,2022/3/22,0.001588702,51,shenzhen,0.009431025,R0=3,NA,NA,NA,NA
832,2022/3/23,0.001837881,52,shenzhen,0.010912028,R0=3,NA,NA,NA,NA
833,2022/3/24,0.002126132,53,shenzhen,0.012625319,R0=3,NA,NA,NA,NA
834,2022/3/25,0.002459573,54,shenzhen,0.014607325,R0=3,NA,NA,NA,NA
835,2022/3/26,0.002845278,55,shenzhen,0.016900178,R0=3,NA,NA,NA,NA
836,2022/3/27,0.003291447,56,shenzhen,0.019552603,R0=3,NA,NA,NA,NA
837,2022/3/28,0.003807532,57,shenzhen,0.022620966,R0=3,NA,NA,NA,NA
838,2022/3/29,0.004404486,58,shenzhen,0.026170455,R0=3,NA,NA,NA,NA
839,2022/3/30,0.005094956,59,shenzhen,0.030276464,R0=3,NA,NA,NA,NA
840,2022/3/31,0.005893569,60,shenzhen,0.035026185,R0=3,NA,NA,NA,NA
841,2022/4/1,0.00681722,61,shenzhen,0.040520448,R0=3,NA,NA,NA,NA
842,2022/4/2,0.007885498,62,shenzhen,0.046875842,R0=3,NA,NA,NA,NA
843,2022/4/3,0.009120831,63,shenzhen,0.054227201,R0=3,NA,NA,NA,NA
844,2022/4/4,0.010549516,64,shenzhen,0.062730366,R0=3,NA,NA,NA,NA
845,2022/4/5,0.012201463,65,shenzhen,0.072565539,R0=3,NA,NA,NA,NA
846,2022/4/6,0.014111555,66,shenzhen,0.083941029,R0=3,NA,NA,NA,NA
847,2022/4/7,0.016319919,67,shenzhen,0.097097538,R0=3,NA,NA,NA,NA
848,2022/4/8,0.018872817,68,shenzhen,0.112313275,R0=3,NA,NA,NA,NA
849,2022/4/9,0.02182373,69,shenzhen,0.129909643,R0=3,NA,NA,NA,NA
850,2022/4/10,0.025234316,70,shenzhen,0.150257917,R0=3,NA,NA,NA,NA
851,2022/4/11,0.029175362,71,shenzhen,0.17378694,R0=3,NA,NA,NA,NA
852,2022/4/12,0.03372876,72,shenzhen,0.200991779,R0=3,NA,NA,NA,NA
853,2022/4/13,0.038988393,73,shenzhen,0.23244384,R0=3,NA,NA,NA,NA
854,2022/4/14,0.04506252,74,shenzhen,0.268802417,R0=3,NA,NA,NA,NA
855,2022/4/15,0.052075273,75,shenzhen,0.310827873,R0=3,NA,NA,NA,NA
856,2022/4/16,0.060168977,76,shenzhen,0.35939677,R0=3,NA,NA,NA,NA
857,2022/4/17,0.069506869,77,shenzhen,0.415518894,R0=3,NA,NA,NA,NA
859,2022/4/19,0.09268877,79,shenzhen,0.555248338,R0=3,NA,NA,NA,NA
860,2022/4/20,0.106988568,80,shenzhen,0.641730809,R0=3,NA,NA,NA,NA
861,2022/4/21,0.123450811,81,shenzhen,0.741569479,R0=3,NA,NA,NA,NA
862,2022/4/22,0.142388897,82,shenzhen,0.856789168,R0=3,NA,NA,NA,NA
863,2022/4/23,0.164155738,83,shenzhen,0.989709022,R0=3,NA,NA,NA,NA
864,2022/4/24,0.189147853,84,shenzhen,1.14298134,R0=3,NA,NA,NA,NA
865,2022/4/25,0.217810809,85,shenzhen,1.319633135,R0=3,NA,NA,NA,NA
866,2022/4/26,0.250637869,86,shenzhen,1.523112466,R0=3,NA,NA,NA,NA
867,2022/4/27,0.288177479,87,shenzhen,1.757336805,R0=3,NA,NA,NA,NA
868,2022/4/28,0.331027819,88,shenzhen,2.026744479,R0=3,NA,NA,NA,NA
869,2022/4/29,0.37983953,89,shenzhen,2.336347128,R0=3,NA,NA,NA,NA
870,2022/4/30,0.435310946,90,shenzhen,2.691780802,R0=3,NA,NA,NA,NA
871,2022/5/1,0.498179232,91,shenzhen,3.09935604,R0=3,NA,NA,NA,NA
873,2022/5/3,0.649164767,93,shenzhen,4.099794126,R0=3,NA,NA,NA,NA
874,2022/5/4,0.738808128,94,shenzhen,4.70897989,R0=3,NA,NA,NA,NA
875,2022/5/5,0.838829726,95,shenzhen,5.402966337,R0=3,NA,NA,NA,NA
876,2022/5/6,0.949840687,96,shenzhen,6.191785264,R0=3,NA,NA,NA,NA
877,2022/5/7,1.072283856,97,shenzhen,7.086120471,R0=3,NA,NA,NA,NA
878,2022/5/8,1.206390874,98,shenzhen,8.097182742,R0=3,NA,NA,NA,NA
879,2022/5/9,1.352093613,99,shenzhen,9.236520108,R0=3,NA,NA,NA,NA
880,2022/5/10,1.508969665,100,shenzhen,10.51576235,R0=3,NA,NA,NA,NA
881,2022/5/11,1.676106089,101,shenzhen,11.94629399,R0=3,NA,NA,NA,NA
883,2022/5/13,2.034898911,103,shenzhen,15.30293121,R0=3,NA,NA,NA,NA
884,2022/5/14,2.221874781,104,shenzhen,17.24642696,R0=3,NA,NA,NA,NA
885,2022/5/15,2.409763592,105,shenzhen,19.37481381,R0=3,NA,NA,NA,NA
886,2022/5/16,2.594716001,106,shenzhen,21.69063299,R0=3,NA,NA,NA,NA
887,2022/5/17,2.772446635,107,shenzhen,24.19287279,R0=3,NA,NA,NA,NA
888,2022/5/18,2.938370346,108,shenzhen,26.87645411,R0=3,NA,NA,NA,NA
889,2022/5/19,3.087854297,109,shenzhen,29.7318626,R0=3,NA,NA,NA,NA
890,2022/5/20,3.216476853,110,shenzhen,32.74497492,R0=3,NA,NA,NA,NA
891,2022/5/21,3.320266038,111,shenzhen,35.89714049,R0=3,NA,NA,NA,NA
892,2022/5/22,3.396026557,112,shenzhen,39.16551194,R0=3,NA,NA,NA,NA
893,2022/5/23,3.441503307,113,shenzhen,42.52365824,R0=3,NA,NA,NA,NA
894,2022/5/24,3.455551705,114,shenzhen,45.94242317,R0=3,NA,NA,NA,NA
895,2022/5/25,3.438199004,115,shenzhen,49.39095068,R0=3,NA,NA,NA,NA
896,2022/5/26,3.390610225,116,shenzhen,52.83782603,R0=3,NA,NA,NA,NA
897,2022/5/27,3.314979153,117,shenzhen,56.25223064,R0=3,NA,NA,NA,NA
898,2022/5/28,3.214317133,118,shenzhen,59.60502533,R0=3,NA,NA,NA,NA
899,2022/5/29,3.092275931,119,shenzhen,62.86967348,R0=3,NA,NA,NA,NA
900,2022/5/30,2.952834337,120,shenzhen,66.02297001,R0=3,NA,NA,NA,NA
901,2022/5/31,2.800121026,121,shenzhen,69.04552514,R0=3,NA,NA,NA,NA
902,2022/6/1,2.638182917,122,shenzhen,71.92200282,R0=3,NA,NA,NA,NA
903,2022/6/2,2.470808038,123,shenzhen,74.6411548,R0=3,NA,NA,NA,NA
904,2022/6/3,2.301402886,124,shenzhen,77.19565027,R0=3,NA,NA,NA,NA
905,2022/6/4,2.132931114,125,shenzhen,79.58175574,R0=3,NA,NA,NA,NA
906,2022/6/5,1.967865841,126,shenzhen,81.79892274,R0=3,NA,NA,NA,NA
907,2022/6/6,1.808169208,127,shenzhen,83.84932121,R0=3,NA,NA,NA,NA
908,2022/6/7,1.655360515,128,shenzhen,85.73733874,R0=3,NA,NA,NA,NA
909,2022/6/8,1.510523028,129,shenzhen,87.4691036,R0=3,NA,NA,NA,NA
910,2022/6/9,1.374358484,130,shenzhen,89.05204537,R0=3,NA,NA,NA,NA
911,2022/6/10,1.247262039,131,shenzhen,90.49448613,R0=3,NA,NA,NA,NA
912,2022/6/11,1.129369952,132,shenzhen,91.80529639,R0=3,NA,NA,NA,NA
913,2022/6/12,1.02058684,133,shenzhen,92.99361239,R0=3,NA,NA,NA,NA
914,2022/6/13,0.920687876,134,shenzhen,94.06859078,R0=3,NA,NA,NA,NA
915,2022/6/14,0.829318783,135,shenzhen,95.03922814,R0=3,NA,NA,NA,NA
916,2022/6/15,0.746036717,136,shenzhen,95.91423147,R0=3,NA,NA,NA,NA
917,2022/6/16,0.67036613,137,shenzhen,96.70190922,R0=3,NA,NA,NA,NA
918,2022/6/17,0.601785147,138,shenzhen,97.41011064,R0=3,NA,NA,NA,NA
919,2022/6/18,0.539771211,139,shenzhen,98.04618628,R0=3,NA,NA,NA,NA
920,2022/6/19,0.483803128,140,shenzhen,98.61696446,R0=3,NA,NA,NA,NA
921,2022/6/20,0.433376055,141,shenzhen,99.12875163,R0=3,NA,NA,NA,NA
922,2022/6/21,0.388004906,142,shenzhen,99.58734122,R0=3,NA,NA,NA,NA
923,2022/6/22,0.347233211,143,shenzhen,99.9980317,R0=3,NA,NA,NA,NA
924,2022/6/23,0.310631752,144,shenzhen,100.3656508,R0=3,NA,NA,NA,NA
925,2022/6/24,0.277802648,145,shenzhen,100.6945832,R0=3,NA,NA,NA,NA
926,2022/6/25,0.24837868,146,shenzhen,100.9888004,R0=3,NA,NA,NA,NA
927,2022/6/26,0.222023285,147,shenzhen,101.2518911,R0=3,NA,NA,NA,NA
928,2022/6/27,0.198428516,148,shenzhen,101.4870921,R0=3,NA,NA,NA,NA
929,2022/6/28,0.177314359,149,shenzhen,101.697318,R0=3,NA,NA,NA,NA
930,2022/6/29,0.158427371,150,shenzhen,101.8851894,R0=3,NA,NA,NA,NA
931,2022/6/30,0.141537953,151,shenzhen,102.0530603,R0=3,NA,NA,NA,NA
932,2022/7/1,0.126437629,152,shenzhen,102.203043,R0=3,NA,NA,NA,NA
933,2022/7/2,0.112941083,153,shenzhen,102.3370307,R0=3,NA,NA,NA,NA
934,2022/7/3,0.100878673,154,shenzhen,102.4567201,R0=3,NA,NA,NA,NA
935,2022/7/4,0.090101194,155,shenzhen,102.56363,R0=3,NA,NA,NA,NA
936,2022/7/5,0.080471705,156,shenzhen,102.6591199,R0=3,NA,NA,NA,NA
937,2022/7/6,0.071868935,157,shenzhen,102.7444064,R0=3,NA,NA,NA,NA
938,2022/7/7,0.06418442,158,shenzhen,102.8205767,R0=3,NA,NA,NA,NA
939,2022/7/8,0.057320327,159,shenzhen,102.8886034,R0=3,NA,NA,NA,NA
940,2022/7/9,0.051189447,160,shenzhen,102.9493557,R0=3,NA,NA,NA,NA
941,2022/7/10,0.045713706,161,shenzhen,103.0036106,R0=3,NA,NA,NA,NA
942,2022/7/11,0.040823337,162,shenzhen,103.0520622,R0=3,NA,NA,NA,NA
943,2022/7/12,0.03645573,163,shenzhen,103.0953307,R0=3,NA,NA,NA,NA
944,2022/7/13,0.032555221,164,shenzhen,103.1339703,R0=3,NA,NA,NA,NA
945,2022/7/14,0.029071873,165,shenzhen,103.1684757,R0=3,NA,NA,NA,NA
946,2022/7/15,0.025961127,166,shenzhen,103.1992893,R0=3,NA,NA,NA,NA
947,2022/7/16,0.023183127,167,shenzhen,103.2268058,R0=3,NA,NA,NA,NA
948,2022/7/17,0.020702379,168,shenzhen,103.2513779,R0=3,NA,NA,NA,NA
949,2022/7/18,0.018487065,169,shenzhen,103.2733207,R0=3,NA,NA,NA,NA
950,2022/7/19,0.016508708,170,shenzhen,103.2929154,R0=3,NA,NA,NA,NA
951,2022/7/20,0.014742098,171,shenzhen,103.3104133,R0=3,NA,NA,NA,NA
952,2022/7/21,0.01316448,172,shenzhen,103.3260387,R0=3,NA,NA,NA,NA
953,2022/7/22,0.011755757,173,shenzhen,103.339992,R0=3,NA,NA,NA,NA
954,2022/7/23,0.010497737,174,shenzhen,103.3524521,R0=3,NA,NA,NA,NA
955,2022/7/24,0.009374274,175,shenzhen,103.3635788,R0=3,NA,NA,NA,NA
956,2022/7/25,0.008371129,176,shenzhen,103.3735148,R0=3,NA,NA,NA,NA
957,2022/7/26,0.007475288,177,shenzhen,103.3823875,R0=3,NA,NA,NA,NA
958,2022/7/27,0.006675319,178,shenzhen,103.3903107,R0=3,NA,NA,NA,NA
959,2022/7/28,0.005960963,179,shenzhen,103.397386,R0=3,NA,NA,NA,NA
960,2022/7/29,0.005323055,180,shenzhen,103.4037042,R0=3,NA,NA,NA,NA
961,2022/7/30,0.004753407,181,shenzhen,103.4093462,R0=3,NA,NA,NA,NA
962,2022/7/31,0.004244722,182,shenzhen,103.4143844,R0=3,NA,NA,NA,NA
963,2022/8/1,0.003790472,183,shenzhen,103.4188835,R0=3,NA,NA,NA,NA
964,2022/8/2,0.00338484,184,shenzhen,103.4229011,R0=3,NA,NA,NA,NA
965,2022/8/3,0.003022613,185,shenzhen,103.4264887,R0=3,NA,NA,NA,NA
966,2022/8/4,0.002699146,186,shenzhen,103.4296925,R0=3,NA,NA,NA,NA
967,2022/8/5,0.002410295,187,shenzhen,103.4325533,R0=3,NA,NA,NA,NA
968,2022/8/6,0.002152362,188,shenzhen,103.4351081,R0=3,NA,NA,NA,NA
969,2022/8/7,0.001922028,189,shenzhen,103.4373894,R0=3,NA,NA,NA,NA
970,2022/8/8,0.001716344,190,shenzhen,103.4394266,R0=3,NA,NA,NA,NA
971,2022/8/9,0.001532665,191,shenzhen,103.4412458,R0=3,NA,NA,NA,NA
972,2022/8/10,0.001368649,192,shenzhen,103.4428703,R0=3,NA,NA,NA,NA
973,2022/8/11,0.001222183,193,shenzhen,103.4443209,R0=3,NA,NA,NA,NA
974,2022/8/12,0.001091394,194,shenzhen,103.4456164,R0=3,NA,NA,NA,NA
975,2022/8/13,0.000974599,195,shenzhen,103.4467731,R0=3,NA,NA,NA,NA
976,2022/8/14,0.000870306,196,shenzhen,103.4478061,R0=3,NA,NA,NA,NA
977,2022/8/15,0.000777165,197,shenzhen,103.4487286,R0=3,NA,NA,NA,NA
978,2022/8/16,0.000693999,198,shenzhen,103.4495523,R0=3,NA,NA,NA,NA
979,2022/8/17,0.000619732,199,shenzhen,103.4502879,R0=3,NA,NA,NA,NA
980,2022/8/18,0.000553412,200,shenzhen,103.4509448,R0=3,NA,NA,NA,NA
981,2022/8/19,0.000494189,201,shenzhen,103.4515313,R0=3,NA,NA,NA,NA
982,2022/8/20,0.000441304,202,shenzhen,103.4520551,R0=3,NA,NA,NA,NA
983,2022/8/21,0.000394077,203,shenzhen,103.4525229,R0=3,NA,NA,NA,NA
984,2022/8/22,0.000351906,204,shenzhen,103.4529406,R0=3,NA,NA,NA,NA
985,2022/8/23,0.000314247,205,shenzhen,103.4533136,R0=3,NA,NA,NA,NA
986,2022/8/24,0.000280618,206,shenzhen,103.4536466,R0=3,NA,NA,NA,NA
987,2022/8/25,0.000250587,207,shenzhen,103.4539441,R0=3,NA,NA,NA,NA
988,2022/8/26,0.000223771,208,shenzhen,103.4542097,R0=3,NA,NA,NA,NA
989,2022/8/27,0.000199824,209,shenzhen,103.4544469,R0=3,NA,NA,NA,NA
990,2022/8/28,0.000178441,210,shenzhen,103.4546587,R0=3,NA,NA,NA,NA
991,2022/8/29,0.000159345,211,shenzhen,103.4548478,R0=3,NA,NA,NA,NA
992,2022/8/30,0.000142293,212,shenzhen,103.4550167,R0=3,NA,NA,NA,NA
993,2022/8/31,0.000127065,213,shenzhen,103.4551675,R0=3,NA,NA,NA,NA
994,2022/9/1,0.000113468,214,shenzhen,103.4553022,R0=3,NA,NA,NA,NA
995,2022/9/2,0.000101325,215,shenzhen,103.4554225,R0=3,NA,NA,NA,NA
996,2022/9/3,9.05E-05,216,shenzhen,103.4555298,R0=3,NA,NA,NA,NA
997,2022/9/4,8.08E-05,217,shenzhen,103.4556257,R0=3,NA,NA,NA,NA
998,2022/9/5,7.22E-05,218,shenzhen,103.4557114,R0=3,NA,NA,NA,NA
999,2022/9/6,6.44E-05,219,shenzhen,103.4557879,R0=3,NA,NA,NA,NA
1000,2022/9/7,5.75E-05,220,shenzhen,103.4558562,R0=3,NA,NA,NA,NA
1001,2022/9/8,5.14E-05,221,shenzhen,103.4559171,R0=3,NA,NA,NA,NA
1002,2022/9/9,4.59E-05,222,shenzhen,103.4559716,R0=3,NA,NA,NA,NA
1003,2022/9/10,4.10E-05,223,shenzhen,103.4560202,R0=3,NA,NA,NA,NA
1004,2022/9/11,3.66E-05,224,shenzhen,103.4560637,R0=3,NA,NA,NA,NA
1005,2022/9/12,3.27E-05,225,shenzhen,103.4561024,R0=3,NA,NA,NA,NA
1006,2022/9/13,2.92E-05,226,shenzhen,103.4561371,R0=3,NA,NA,NA,NA
1007,2022/9/14,2.61E-05,227,shenzhen,103.456168,R0=3,NA,NA,NA,NA
1008,2022/9/15,2.33E-05,228,shenzhen,103.4561956,R0=3,NA,NA,NA,NA
1009,2022/9/16,2.08E-05,229,shenzhen,103.4562203,R0=3,NA,NA,NA,NA
1010,2022/9/17,1.86E-05,230,shenzhen,103.4562423,R0=3,NA,NA,NA,NA
1011,2022/9/18,1.66E-05,231,shenzhen,103.4562619,R0=3,NA,NA,NA,NA
1012,2022/9/19,1.48E-05,232,shenzhen,103.4562795,R0=3,NA,NA,NA,NA
1013,2022/9/20,1.32E-05,233,shenzhen,103.4562952,R0=3,NA,NA,NA,NA
1014,2022/9/21,1.18E-05,234,shenzhen,103.4563092,R0=3,NA,NA,NA,NA
1015,2022/9/22,1.05E-05,235,shenzhen,103.4563217,R0=3,NA,NA,NA,NA
1016,2022/9/23,9.41E-06,236,shenzhen,103.4563328,R0=3,NA,NA,NA,NA
1017,2022/9/24,8.40E-06,237,shenzhen,103.4563428,R0=3,NA,NA,NA,NA
1018,2022/9/25,7.50E-06,238,shenzhen,103.4563517,R0=3,NA,NA,NA,NA